split,policy,n,reviewed,tp,fp,fn,tn,precision,recall,recall_wilson_lower,recall_wilson_upper,review_fraction,random_expected_tp_at_same_k
validation,top_10pct,313,31,2,29,9,273,0.064516129032258063,0.18181818181818182,0.051367689746085132,0.47698056196084421,0.099041533546325874,1.0894568690095847
validation,top_20pct,313,62,3,59,8,243,0.048387096774193547,0.27272727272727271,0.097460592900248888,0.5656453011761291,0.19808306709265175,2.1789137380191694
validation,top_30pct,313,93,4,89,7,213,0.043010752688172046,0.36363636363636365,0.15166471095367573,0.64619882549215113,0.29712460063897761,3.2683706070287539
validation,fixed_val_q80,313,63,4,59,7,243,0.063492063492063489,0.36363636363636365,0.15166471095367573,0.64619882549215113,0.2012779552715655,2.2140575079872202
validation,review_none,313,0,0,0,11,302,,0,0,0.25883296696803171,0,0
validation,review_all,313,313,11,302,0,0,0.035143769968051117,1,0.7411670330319684,1,1,11
test,top_10pct,314,31,3,28,14,269,0.096774193548387094,0.17647058823529413,0.061911266376209972,0.41029458568834126,0.098726114649681534,1.6783439490445859
test,top_20pct,314,62,3,59,14,238,0.048387096774193547,0.17647058823529413,0.061911266376209972,0.41029458568834126,0.19745222929936307,3.3566878980891719
test,top_30pct,314,94,7,87,10,210,0.074468085106382975,0.41176470588235292,0.21611056790214811,0.63994557357000215,0.29936305732484075,5.0891719745222934
test,fixed_val_q80,314,77,6,71,11,226,0.07792207792207792,0.35294117647058826,0.17309720397243744,0.58699636514781317,0.24522292993630573,4.1687898089171975
test,review_none,314,0,0,0,17,297,,0,0,0.1843181350088518,0,0
test,review_all,314,314,17,297,0,0,0.054140127388535034,1,0.81568186499114825,1,1,17
