feature,missing_count,missing_fraction,observed_unique
feature_000,6,0.0038289725590299937,1520
feature_001,7,0.0044671346522016592,1504
feature_002,14,0.0089342693044033184,507
feature_003,14,0.0089342693044033184,518
feature_004,14,0.0089342693044033184,503
feature_005,14,0.0089342693044033184,1
feature_006,14,0.0089342693044033184,510
feature_007,9,0.0057434588385449903,89
feature_008,2,0.0012763241863433313,1208
feature_009,2,0.0012763241863433313,568
feature_010,2,0.0012763241863433313,392
feature_011,2,0.0012763241863433313,378
feature_012,2,0.0012763241863433313,1547
feature_013,3,0.0019144862795149968,1
feature_014,3,0.0019144862795149968,1555
feature_015,3,0.0019144862795149968,1561
feature_016,3,0.0019144862795149968,1477
feature_017,3,0.0019144862795149968,281
feature_018,3,0.0019144862795149968,1548
feature_019,10,0.0063816209317166563,361
feature_020,0,0,552
feature_021,2,0.0012763241863433313,1295
feature_022,2,0.0012763241863433313,1176
feature_023,2,0.0012763241863433313,1480
feature_024,2,0.0012763241863433313,1494
feature_025,2,0.0012763241863433313,704
feature_026,2,0.0012763241863433313,624
feature_027,2,0.0012763241863433313,1148
feature_028,2,0.0012763241863433313,869
feature_029,2,0.0012763241863433313,188
feature_030,2,0.0012763241863433313,842
feature_031,2,0.0012763241863433313,1275
feature_032,1,0.00063816209317166565,338
feature_033,1,0.00063816209317166565,330
feature_034,1,0.00063816209317166565,329
feature_035,1,0.00063816209317166565,331
feature_036,1,0.00063816209317166565,330
feature_037,1,0.00063816209317166565,325
feature_038,1,0.00063816209317166565,329
feature_039,1,0.00063816209317166565,333
feature_040,24,0.015315890236119975,291
feature_041,24,0.015315890236119975,315
feature_042,1,0.00063816209317166565,1
feature_043,1,0.00063816209317166565,1523
feature_044,1,0.00063816209317166565,1376
feature_045,1,0.00063816209317166565,1520
feature_046,1,0.00063816209317166565,1562
feature_047,1,0.00063816209317166565,1341
feature_048,1,0.00063816209317166565,1486
feature_049,1,0.00063816209317166565,1
feature_050,1,0.00063816209317166565,1520
feature_051,1,0.00063816209317166565,1562
feature_052,1,0.00063816209317166565,1
feature_053,4,0.0025526483726866626,153
feature_054,4,0.0025526483726866626,169
feature_055,4,0.0025526483726866626,107
feature_056,4,0.0025526483726866626,187
feature_057,4,0.0025526483726866626,159
feature_058,4,0.0025526483726866626,382
feature_059,7,0.0044671346522016592,1500
feature_060,6,0.0038289725590299937,1498
feature_061,6,0.0038289725590299937,1418
feature_062,6,0.0038289725590299937,1518
feature_063,7,0.0044671346522016592,1534
feature_064,7,0.0044671346522016592,1496
feature_065,7,0.0044671346522016592,1550
feature_066,6,0.0038289725590299937,1559
feature_067,6,0.0038289725590299937,1306
feature_068,6,0.0038289725590299937,1479
feature_069,6,0.0038289725590299937,1
feature_070,6,0.0038289725590299937,1533
feature_071,6,0.0038289725590299937,1557
feature_072,794,0.50670070197830253,773
feature_073,794,0.50670070197830253,770
feature_074,6,0.0038289725590299937,2
feature_075,24,0.015315890236119975,675
feature_076,24,0.015315890236119975,891
feature_077,24,0.015315890236119975,842
feature_078,24,0.015315890236119975,995
feature_079,24,0.015315890236119975,691
feature_080,24,0.015315890236119975,922
feature_081,24,0.015315890236119975,580
feature_082,24,0.015315890236119975,888
feature_083,1,0.00063816209317166565,1506
feature_084,12,0.0076579451180599873,180
feature_085,1341,0.85577536694320355,97
feature_086,0,0,472
feature_087,0,0,249
feature_088,0,0,973
feature_089,51,0.032546266751754947,650
feature_090,51,0.032546266751754947,1513
feature_091,6,0.0038289725590299937,1191
feature_092,2,0.0012763241863433313,180
feature_093,2,0.0012763241863433313,174
feature_094,6,0.0038289725590299937,22
feature_095,6,0.0038289725590299937,14
feature_096,6,0.0038289725590299937,1333
feature_097,6,0.0038289725590299937,1
feature_098,6,0.0038289725590299937,1420
feature_099,6,0.0038289725590299937,272
feature_100,6,0.0038289725590299937,35
feature_101,6,0.0038289725590299937,29
feature_102,6,0.0038289725590299937,1066
feature_103,2,0.0012763241863433313,153
feature_104,2,0.0012763241863433313,55
feature_105,6,0.0038289725590299937,177
feature_106,6,0.0038289725590299937,180
feature_107,6,0.0038289725590299937,1159
feature_108,6,0.0038289725590299937,1183
feature_109,1018,0.64964901084875559,96
feature_110,1018,0.64964901084875559,546
feature_111,1018,0.64964901084875559,545
feature_112,715,0.45628589661774088,249
feature_113,0,0,468
feature_114,0,0,20
feature_115,0,0,1567
feature_116,0,0,136
feature_117,0,0,1527
feature_118,24,0.015315890236119975,328
feature_119,0,0,249
feature_120,0,0,1269
feature_121,9,0.0057434588385449903,54
feature_122,9,0.0057434588385449903,309
feature_123,9,0.0057434588385449903,50
feature_124,9,0.0057434588385449903,59
feature_125,9,0.0057434588385449903,155
feature_126,9,0.0057434588385449903,273
feature_127,9,0.0057434588385449903,324
feature_128,9,0.0057434588385449903,268
feature_129,9,0.0057434588385449903,93
feature_130,9,0.0057434588385449903,310
feature_131,9,0.0057434588385449903,68
feature_132,8,0.0051052967453733252,306
feature_133,8,0.0051052967453733252,336
feature_134,8,0.0051052967453733252,335
feature_135,5,0.0031908104658583281,134
feature_136,6,0.0038289725590299937,1089
feature_137,7,0.0044671346522016592,1059
feature_138,14,0.0089342693044033184,348
feature_139,14,0.0089342693044033184,518
feature_140,14,0.0089342693044033184,498
feature_141,14,0.0089342693044033184,1
feature_142,14,0.0089342693044033184,374
feature_143,9,0.0057434588385449903,63
feature_144,2,0.0012763241863433313,961
feature_145,2,0.0012763241863433313,656
feature_146,2,0.0012763241863433313,579
feature_147,2,0.0012763241863433313,294
feature_148,2,0.0012763241863433313,1551
feature_149,3,0.0019144862795149968,1
feature_150,3,0.0019144862795149968,1443
feature_151,3,0.0019144862795149968,1498
feature_152,3,0.0019144862795149968,1394
feature_153,3,0.0019144862795149968,219
feature_154,3,0.0019144862795149968,1551
feature_155,10,0.0063816209317166563,65
feature_156,0,0,722
feature_157,1429,0.91193363114231019,128
feature_158,1429,0.91193363114231019,138
feature_159,2,0.0012763241863433313,954
feature_160,2,0.0012763241863433313,744
feature_161,2,0.0012763241863433313,1411
feature_162,2,0.0012763241863433313,1325
feature_163,2,0.0012763241863433313,260
feature_164,2,0.0012763241863433313,219
feature_165,2,0.0012763241863433313,404
feature_166,2,0.0012763241863433313,62
feature_167,2,0.0012763241863433313,31
feature_168,2,0.0012763241863433313,207
feature_169,2,0.0012763241863433313,652
feature_170,1,0.00063816209317166565,331
feature_171,1,0.00063816209317166565,306
feature_172,1,0.00063816209317166565,307
feature_173,1,0.00063816209317166565,319
feature_174,1,0.00063816209317166565,308
feature_175,1,0.00063816209317166565,327
feature_176,1,0.00063816209317166565,319
feature_177,1,0.00063816209317166565,250
feature_178,24,0.015315890236119975,1
feature_179,1,0.00063816209317166565,1
feature_180,1,0.00063816209317166565,890
feature_181,1,0.00063816209317166565,687
feature_182,1,0.00063816209317166565,905
feature_183,1,0.00063816209317166565,1508
feature_184,1,0.00063816209317166565,1054
feature_185,1,0.00063816209317166565,739
feature_186,1,0.00063816209317166565,1
feature_187,1,0.00063816209317166565,1015
feature_188,1,0.00063816209317166565,1550
feature_189,1,0.00063816209317166565,1
feature_190,4,0.0025526483726866626,1
feature_191,4,0.0025526483726866626,1
feature_192,4,0.0025526483726866626,1
feature_193,4,0.0025526483726866626,1
feature_194,4,0.0025526483726866626,1
feature_195,4,0.0025526483726866626,206
feature_196,7,0.0044671346522016592,867
feature_197,6,0.0038289725590299937,898
feature_198,6,0.0038289725590299937,773
feature_199,6,0.0038289725590299937,920
feature_200,7,0.0044671346522016592,1008
feature_201,7,0.0044671346522016592,861
feature_202,7,0.0044671346522016592,1470
feature_203,6,0.0038289725590299937,1501
feature_204,6,0.0038289725590299937,1210
feature_205,6,0.0038289725590299937,841
feature_206,6,0.0038289725590299937,2
feature_207,6,0.0038289725590299937,1046
feature_208,6,0.0038289725590299937,1549
feature_209,6,0.0038289725590299937,2
feature_210,24,0.015315890236119975,798
feature_211,24,0.015315890236119975,653
feature_212,24,0.015315890236119975,681
feature_213,24,0.015315890236119975,810
feature_214,24,0.015315890236119975,803
feature_215,24,0.015315890236119975,823
feature_216,24,0.015315890236119975,728
feature_217,24,0.015315890236119975,836
feature_218,1,0.00063816209317166565,1539
feature_219,12,0.0076579451180599873,64
feature_220,1341,0.85577536694320355,69
feature_221,0,0,408
feature_222,0,0,178
feature_223,0,0,973
feature_224,51,0.032546266751754947,720
feature_225,51,0.032546266751754947,1472
feature_226,6,0.0038289725590299937,1
feature_227,2,0.0012763241863433313,329
feature_228,2,0.0012763241863433313,292
feature_229,6,0.0038289725590299937,1
feature_230,6,0.0038289725590299937,1
feature_231,6,0.0038289725590299937,1
feature_232,6,0.0038289725590299937,1
feature_233,6,0.0038289725590299937,1
feature_234,6,0.0038289725590299937,1
feature_235,6,0.0038289725590299937,1
feature_236,6,0.0038289725590299937,1
feature_237,6,0.0038289725590299937,1
feature_238,2,0.0012763241863433313,93
feature_239,2,0.0012763241863433313,80
feature_240,6,0.0038289725590299937,1
feature_241,6,0.0038289725590299937,1
feature_242,6,0.0038289725590299937,1
feature_243,6,0.0038289725590299937,1
feature_244,1018,0.64964901084875559,66
feature_245,1018,0.64964901084875559,539
feature_246,1018,0.64964901084875559,547
feature_247,715,0.45628589661774088,490
feature_248,0,0,426
feature_249,0,0,23
feature_250,0,0,1566
feature_251,0,0,143
feature_252,0,0,1533
feature_253,24,0.015315890236119975,442
feature_254,0,0,291
feature_255,0,0,1317
feature_256,9,0.0057434588385449903,1
feature_257,9,0.0057434588385449903,1
feature_258,9,0.0057434588385449903,1
feature_259,9,0.0057434588385449903,1
feature_260,9,0.0057434588385449903,1
feature_261,9,0.0057434588385449903,1
feature_262,9,0.0057434588385449903,1
feature_263,9,0.0057434588385449903,1
feature_264,9,0.0057434588385449903,1
feature_265,9,0.0057434588385449903,1
feature_266,9,0.0057434588385449903,1
feature_267,8,0.0051052967453733252,291
feature_268,8,0.0051052967453733252,333
feature_269,8,0.0051052967453733252,330
feature_270,5,0.0031908104658583281,599
feature_271,6,0.0038289725590299937,1559
feature_272,7,0.0044671346522016592,1557
feature_273,14,0.0089342693044033184,518
feature_274,14,0.0089342693044033184,518
feature_275,14,0.0089342693044033184,458
feature_276,14,0.0089342693044033184,1
feature_277,14,0.0089342693044033184,512
feature_278,9,0.0057434588385449903,22
feature_279,2,0.0012763241863433313,541
feature_280,2,0.0012763241863433313,246
feature_281,2,0.0012763241863433313,227
feature_282,2,0.0012763241863433313,114
feature_283,2,0.0012763241863433313,1515
feature_284,3,0.0019144862795149968,1
feature_285,3,0.0019144862795149968,1527
feature_286,3,0.0019144862795149968,1540
feature_287,3,0.0019144862795149968,1076
feature_288,3,0.0019144862795149968,87
feature_289,3,0.0019144862795149968,1522
feature_290,10,0.0063816209317166563,324
feature_291,0,0,354
feature_292,1429,0.91193363114231019,92
feature_293,1429,0.91193363114231019,138
feature_294,2,0.0012763241863433313,1562
feature_295,2,0.0012763241863433313,1561
feature_296,2,0.0012763241863433313,1565
feature_297,2,0.0012763241863433313,1559
feature_298,2,0.0012763241863433313,725
feature_299,2,0.0012763241863433313,626
feature_300,2,0.0012763241863433313,967
feature_301,2,0.0012763241863433313,1134
feature_302,2,0.0012763241863433313,569
feature_303,2,0.0012763241863433313,509
feature_304,2,0.0012763241863433313,1105
feature_305,1,0.00063816209317166565,314
feature_306,1,0.00063816209317166565,262
feature_307,1,0.00063816209317166565,286
feature_308,1,0.00063816209317166565,293
feature_309,1,0.00063816209317166565,290
feature_310,1,0.00063816209317166565,310
feature_311,1,0.00063816209317166565,276
feature_312,1,0.00063816209317166565,307
feature_313,24,0.015315890236119975,1
feature_314,24,0.015315890236119975,1
feature_315,1,0.00063816209317166565,1
feature_316,1,0.00063816209317166565,1533
feature_317,1,0.00063816209317166565,1160
feature_318,1,0.00063816209317166565,1535
feature_319,1,0.00063816209317166565,1550
feature_320,1,0.00063816209317166565,550
feature_321,1,0.00063816209317166565,1511
feature_322,1,0.00063816209317166565,1
feature_323,1,0.00063816209317166565,1536
feature_324,1,0.00063816209317166565,1560
feature_325,1,0.00063816209317166565,1
feature_326,4,0.0025526483726866626,1
feature_327,4,0.0025526483726866626,1
feature_328,4,0.0025526483726866626,1
feature_329,4,0.0025526483726866626,1
feature_330,4,0.0025526483726866626,1
feature_331,4,0.0025526483726866626,313
feature_332,7,0.0044671346522016592,1517
feature_333,6,0.0038289725590299937,1527
feature_334,6,0.0038289725590299937,1145
feature_335,6,0.0038289725590299937,1526
feature_336,7,0.0044671346522016592,1532
feature_337,7,0.0044671346522016592,1517
feature_338,7,0.0044671346522016592,1520
feature_339,6,0.0038289725590299937,1543
feature_340,6,0.0038289725590299937,761
feature_341,6,0.0038289725590299937,1517
feature_342,6,0.0038289725590299937,2
feature_343,6,0.0038289725590299937,1541
feature_344,6,0.0038289725590299937,1551
feature_345,794,0.50670070197830253,767
feature_346,794,0.50670070197830253,762
feature_347,6,0.0038289725590299937,2
feature_348,24,0.015315890236119975,357
feature_349,24,0.015315890236119975,373
feature_350,24,0.015315890236119975,435
feature_351,24,0.015315890236119975,499
feature_352,24,0.015315890236119975,354
feature_353,24,0.015315890236119975,563
feature_354,24,0.015315890236119975,486
feature_355,24,0.015315890236119975,572
feature_356,1,0.00063816209317166565,1473
feature_357,12,0.0076579451180599873,28
feature_358,1341,0.85577536694320355,20
feature_359,0,0,215
feature_360,0,0,97
feature_361,0,0,972
feature_362,51,0.032546266751754947,389
feature_363,51,0.032546266751754947,1516
feature_364,6,0.0038289725590299937,1
feature_365,2,0.0012763241863433313,120
feature_366,2,0.0012763241863433313,107
feature_367,6,0.0038289725590299937,113
feature_368,6,0.0038289725590299937,97
feature_369,6,0.0038289725590299937,1
feature_370,6,0.0038289725590299937,1
feature_371,6,0.0038289725590299937,1
feature_372,6,0.0038289725590299937,1
feature_373,6,0.0038289725590299937,1
feature_374,6,0.0038289725590299937,1
feature_375,6,0.0038289725590299937,1
feature_376,2,0.0012763241863433313,36
feature_377,2,0.0012763241863433313,31
feature_378,6,0.0038289725590299937,1
feature_379,6,0.0038289725590299937,1
feature_380,6,0.0038289725590299937,1
feature_381,6,0.0038289725590299937,1
feature_382,1018,0.64964901084875559,29
feature_383,1018,0.64964901084875559,525
feature_384,1018,0.64964901084875559,536
feature_385,715,0.45628589661774088,232
feature_386,0,0,191
feature_387,0,0,22
feature_388,0,0,1564
feature_389,0,0,92
feature_390,0,0,1458
feature_391,24,0.015315890236119975,183
feature_392,0,0,109
feature_393,0,0,953
feature_394,9,0.0057434588385449903,1
feature_395,9,0.0057434588385449903,1
feature_396,9,0.0057434588385449903,1
feature_397,9,0.0057434588385449903,1
feature_398,9,0.0057434588385449903,1
feature_399,9,0.0057434588385449903,1
feature_400,9,0.0057434588385449903,1
feature_401,9,0.0057434588385449903,1
feature_402,9,0.0057434588385449903,1
feature_403,9,0.0057434588385449903,1
feature_404,9,0.0057434588385449903,1
feature_405,8,0.0051052967453733252,228
feature_406,8,0.0051052967453733252,335
feature_407,8,0.0051052967453733252,331
feature_408,5,0.0031908104658583281,593
feature_409,6,0.0038289725590299937,1548
feature_410,7,0.0044671346522016592,1545
feature_411,14,0.0089342693044033184,509
feature_412,14,0.0089342693044033184,518
feature_413,14,0.0089342693044033184,518
feature_414,14,0.0089342693044033184,1
feature_415,14,0.0089342693044033184,513
feature_416,9,0.0057434588385449903,510
feature_417,2,0.0012763241863433313,1551
feature_418,2,0.0012763241863433313,1051
feature_419,2,0.0012763241863433313,851
feature_420,2,0.0012763241863433313,1514
feature_421,2,0.0012763241863433313,1534
feature_422,3,0.0019144862795149968,1
feature_423,3,0.0019144862795149968,1563
feature_424,3,0.0019144862795149968,1529
feature_425,3,0.0019144862795149968,1540
feature_426,3,0.0019144862795149968,1481
feature_427,3,0.0019144862795149968,1538
feature_428,10,0.0063816209317166563,404
feature_429,0,0,1542
feature_430,2,0.0012763241863433313,1551
feature_431,2,0.0012763241863433313,1553
feature_432,2,0.0012763241863433313,1503
feature_433,2,0.0012763241863433313,1371
feature_434,2,0.0012763241863433313,1537
feature_435,2,0.0012763241863433313,1524
feature_436,2,0.0012763241863433313,1539
feature_437,2,0.0012763241863433313,1495
feature_438,2,0.0012763241863433313,967
feature_439,2,0.0012763241863433313,1550
feature_440,2,0.0012763241863433313,1557
feature_441,1,0.00063816209317166565,325
feature_442,1,0.00063816209317166565,335
feature_443,1,0.00063816209317166565,330
feature_444,1,0.00063816209317166565,325
feature_445,1,0.00063816209317166565,329
feature_446,1,0.00063816209317166565,338
feature_447,1,0.00063816209317166565,317
feature_448,1,0.00063816209317166565,326
feature_449,24,0.015315890236119975,1
feature_450,24,0.015315890236119975,1
feature_451,1,0.00063816209317166565,1
feature_452,1,0.00063816209317166565,1518
feature_453,1,0.00063816209317166565,1550
feature_454,1,0.00063816209317166565,1555
feature_455,1,0.00063816209317166565,1527
feature_456,1,0.00063816209317166565,1551
feature_457,1,0.00063816209317166565,1547
feature_458,1,0.00063816209317166565,1
feature_459,1,0.00063816209317166565,1518
feature_460,1,0.00063816209317166565,1564
feature_461,1,0.00063816209317166565,1
feature_462,4,0.0025526483726866626,1
feature_463,4,0.0025526483726866626,1
feature_464,4,0.0025526483726866626,1
feature_465,4,0.0025526483726866626,1
feature_466,4,0.0025526483726866626,1
feature_467,4,0.0025526483726866626,417
feature_468,7,0.0044671346522016592,1317
feature_469,6,0.0038289725590299937,1514
feature_470,6,0.0038289725590299937,1547
feature_471,6,0.0038289725590299937,1552
feature_472,7,0.0044671346522016592,1560
feature_473,7,0.0044671346522016592,1558
feature_474,7,0.0044671346522016592,1559
feature_475,6,0.0038289725590299937,1526
feature_476,6,0.0038289725590299937,1559
feature_477,6,0.0038289725590299937,1537
feature_478,6,0.0038289725590299937,2
feature_479,6,0.0038289725590299937,1507
feature_480,6,0.0038289725590299937,1560
feature_481,6,0.0038289725590299937,1
feature_482,24,0.015315890236119975,1062
feature_483,24,0.015315890236119975,1402
feature_484,24,0.015315890236119975,1324
feature_485,24,0.015315890236119975,1358
feature_486,24,0.015315890236119975,1039
feature_487,24,0.015315890236119975,1199
feature_488,24,0.015315890236119975,1314
feature_489,24,0.015315890236119975,1344
feature_490,1,0.00063816209317166565,1562
feature_491,12,0.0076579451180599873,472
feature_492,1341,0.85577536694320355,226
feature_493,0,0,572
feature_494,0,0,894
feature_495,0,0,964
feature_496,51,0.032546266751754947,1510
feature_497,51,0.032546266751754947,1509
feature_498,6,0.0038289725590299937,1
feature_499,2,0.0012763241863433313,703
feature_500,2,0.0012763241863433313,648
feature_501,6,0.0038289725590299937,1
feature_502,6,0.0038289725590299937,1
feature_503,6,0.0038289725590299937,1
feature_504,6,0.0038289725590299937,1
feature_505,6,0.0038289725590299937,1
feature_506,6,0.0038289725590299937,1
feature_507,6,0.0038289725590299937,1
feature_508,6,0.0038289725590299937,1
feature_509,6,0.0038289725590299937,1
feature_510,2,0.0012763241863433313,1498
feature_511,2,0.0012763241863433313,586
feature_512,6,0.0038289725590299937,1
feature_513,6,0.0038289725590299937,1
feature_514,6,0.0038289725590299937,1
feature_515,6,0.0038289725590299937,1
feature_516,1018,0.64964901084875559,498
feature_517,1018,0.64964901084875559,543
feature_518,1018,0.64964901084875559,542
feature_519,715,0.45628589661774088,836
feature_520,0,0,1536
feature_521,0,0,9
feature_522,0,0,1562
feature_523,0,0,1040
feature_524,0,0,1543
feature_525,24,0.015315890236119975,1526
feature_526,0,0,1514
feature_527,0,0,1549
feature_528,9,0.0057434588385449903,1
feature_529,9,0.0057434588385449903,1
feature_530,9,0.0057434588385449903,1
feature_531,9,0.0057434588385449903,1
feature_532,9,0.0057434588385449903,1
feature_533,9,0.0057434588385449903,1
feature_534,9,0.0057434588385449903,1
feature_535,9,0.0057434588385449903,1
feature_536,9,0.0057434588385449903,1
feature_537,9,0.0057434588385449903,1
feature_538,9,0.0057434588385449903,1
feature_539,8,0.0051052967453733252,333
feature_540,8,0.0051052967453733252,336
feature_541,8,0.0051052967453733252,336
feature_542,2,0.0012763241863433313,102
feature_543,2,0.0012763241863433313,71
feature_544,2,0.0012763241863433313,21
feature_545,2,0.0012763241863433313,273
feature_546,260,0.16592214422463306,1047
feature_547,260,0.16592214422463306,1023
feature_548,260,0.16592214422463306,964
feature_549,260,0.16592214422463306,1048
feature_550,260,0.16592214422463306,747
feature_551,260,0.16592214422463306,213
feature_552,260,0.16592214422463306,973
feature_553,260,0.16592214422463306,1077
feature_554,260,0.16592214422463306,1000
feature_555,260,0.16592214422463306,1085
feature_556,260,0.16592214422463306,1070
feature_557,260,0.16592214422463306,1062
feature_558,1,0.00063816209317166565,365
feature_559,1,0.00063816209317166565,399
feature_560,1,0.00063816209317166565,345
feature_561,1,0.00063816209317166565,414
feature_562,273,0.1742182514358647,873
feature_563,273,0.1742182514358647,785
feature_564,273,0.1742182514358647,581
feature_565,273,0.1742182514358647,753
feature_566,273,0.1742182514358647,887
feature_567,273,0.1742182514358647,619
feature_568,273,0.1742182514358647,887
feature_569,273,0.1742182514358647,897
feature_570,0,0,814
feature_571,0,0,811
feature_572,0,0,518
feature_573,0,0,754
feature_574,0,0,830
feature_575,0,0,599
feature_576,0,0,820
feature_577,0,0,851
feature_578,949,0.60561582641991063,322
feature_579,949,0.60561582641991063,260
feature_580,949,0.60561582641991063,120
feature_581,949,0.60561582641991063,611
feature_582,1,0.00063816209317166565,171
feature_583,1,0.00063816209317166565,227
feature_584,1,0.00063816209317166565,68
feature_585,1,0.00063816209317166565,1502
feature_586,1,0.00063816209317166565,322
feature_587,1,0.00063816209317166565,260
feature_588,1,0.00063816209317166565,120
feature_589,1,0.00063816209317166565,611
