row_id,timestamp,fail,split,score,top_10pct,top_20pct,top_30pct,fixed_val_q80,review_none,review_all
940,2008-09-20 06:08:00,0,validation,0.18101438958551025,0,0,1,0,0,1
941,2008-09-20 07:21:00,0,validation,0.18489463945260226,0,0,1,0,0,1
942,2008-09-20 08:14:00,0,validation,0.16729391095016094,0,0,0,0,0,1
943,2008-09-20 10:51:00,0,validation,0.12268998362748365,0,0,0,0,0,1
944,2008-09-20 11:18:00,0,validation,0.084038621072977049,0,0,0,0,0,1
945,2008-09-20 12:20:00,0,validation,0.17170226842730713,0,0,0,0,0,1
946,2008-09-20 12:26:00,0,validation,0.085925033300033288,0,0,0,0,0,1
947,2008-09-20 12:27:00,0,validation,0.082301226551226542,0,0,0,0,0,1
948,2008-09-20 12:36:00,0,validation,0.13459774971617078,0,0,0,0,0,1
949,2008-09-20 12:57:00,0,validation,0.20237081923924027,0,1,1,1,0,1
950,2008-09-20 14:00:00,0,validation,0.051705827067669165,0,0,0,0,0,1
951,2008-09-20 14:06:00,0,validation,0.09383635808635811,0,0,0,0,0,1
952,2008-09-20 14:42:00,0,validation,0.10335515873015876,0,0,0,0,0,1
953,2008-09-20 14:50:00,0,validation,0.15849881164587046,0,0,0,0,0,1
954,2008-09-20 14:53:00,0,validation,0.10585148266765913,0,0,0,0,0,1
955,2008-09-20 15:02:00,0,validation,0.08581746031746032,0,0,0,0,0,1
956,2008-09-20 15:19:00,0,validation,0.13497705314009664,0,0,0,0,0,1
957,2008-09-20 15:37:00,0,validation,0.14712100472626788,0,0,0,0,0,1
958,2008-09-20 15:46:00,0,validation,0.18834048375608478,0,1,1,1,0,1
959,2008-09-20 16:43:00,0,validation,0.15621851432880848,0,0,0,0,0,1
960,2008-09-20 16:44:00,0,validation,0.19608609032293242,0,1,1,1,0,1
961,2008-09-20 17:26:00,0,validation,0.10345249766573295,0,0,0,0,0,1
962,2008-09-20 17:29:00,0,validation,0.12720337587249353,0,0,0,0,0,1
963,2008-09-20 18:03:00,0,validation,0.10488061938061938,0,0,0,0,0,1
964,2008-09-20 18:21:00,0,validation,0.10694583194583196,0,0,0,0,0,1
965,2008-09-20 18:56:00,0,validation,0.11276480137509549,0,0,0,0,0,1
966,2008-09-20 19:14:00,0,validation,0.15809853341103342,0,0,0,0,0,1
967,2008-09-20 19:21:00,0,validation,0.081464546074840188,0,0,0,0,0,1
968,2008-09-20 23:34:00,0,validation,0.14604119988516442,0,0,0,0,0,1
969,2008-09-21 00:48:00,0,validation,0.11062728937728938,0,0,0,0,0,1
970,2008-09-21 01:06:00,0,validation,0.26739314933432579,1,1,1,1,0,1
971,2008-09-21 02:07:00,0,validation,0.10313602716727718,0,0,0,0,0,1
972,2008-09-21 03:04:00,0,validation,0.14665014152514153,0,0,0,0,0,1
973,2008-09-21 03:47:00,0,validation,0.090947365134865107,0,0,0,0,0,1
974,2008-09-21 04:17:00,0,validation,0.12749310411810413,0,0,0,0,0,1
975,2008-09-21 04:49:00,0,validation,0.076071741351627489,0,0,0,0,0,1
976,2008-09-21 07:30:00,0,validation,0.14558957056015881,0,0,0,0,0,1
977,2008-09-21 07:55:00,0,validation,0.13803940157065159,0,0,0,0,0,1
978,2008-09-21 08:22:00,0,validation,0.11720598845598848,0,0,0,0,0,1
979,2008-09-21 08:49:00,0,validation,0.11019979203802734,0,0,0,0,0,1
980,2008-09-21 09:16:00,0,validation,0.1418849587912088,0,0,0,0,0,1
981,2008-09-21 09:31:00,0,validation,0.12677723665223664,0,0,0,0,0,1
982,2008-09-21 10:07:00,0,validation,0.13204476705083057,0,0,0,0,0,1
983,2008-09-21 10:49:00,0,validation,0.10940749345683556,0,0,0,0,0,1
984,2008-09-21 11:33:00,0,validation,0.10483203690855294,0,0,0,0,0,1
985,2008-09-21 12:04:00,0,validation,0.21030518786768782,1,1,1,1,0,1
986,2008-09-21 14:30:00,0,validation,0.11482384282384282,0,0,0,0,0,1
987,2008-09-21 14:31:00,0,validation,0.09566450216450216,0,0,0,0,0,1
988,2008-09-21 14:33:00,0,validation,0.079249477861319972,0,0,0,0,0,1
989,2008-09-21 15:15:00,0,validation,0.12712478801391847,0,0,0,0,0,1
990,2008-09-21 15:26:00,0,validation,0.15234289784289784,0,0,0,0,0,1
991,2008-09-21 15:34:00,0,validation,0.092972153613697747,0,0,0,0,0,1
992,2008-09-21 16:43:00,0,validation,0.10299365942028986,0,0,0,0,0,1
993,2008-09-21 17:26:00,0,validation,0.11634772654881351,0,0,0,0,0,1
994,2008-09-21 17:30:00,0,validation,0.13887998354302702,0,0,0,0,0,1
995,2008-09-21 18:12:00,0,validation,0.074861263736263742,0,0,0,0,0,1
996,2008-09-21 19:19:00,0,validation,0.14285227328977332,0,0,0,0,0,1
997,2008-09-21 20:35:00,0,validation,0.11900590251252016,0,0,0,0,0,1
998,2008-09-21 21:54:00,0,validation,0.14814967956879724,0,0,0,0,0,1
999,2008-09-21 22:02:00,0,validation,0.10371033133533133,0,0,0,0,0,1
1000,2008-09-22 00:12:00,0,validation,0.082896960678210688,0,0,0,0,0,1
1001,2008-09-22 00:28:00,0,validation,0.099312158837894127,0,0,0,0,0,1
1002,2008-09-22 00:47:00,0,validation,0.1148657690348867,0,0,0,0,0,1
1003,2008-09-22 01:43:00,0,validation,0.061573717948717945,0,0,0,0,0,1
1004,2008-09-22 03:51:00,0,validation,0.112665743978244,0,0,0,0,0,1
1005,2008-09-22 06:05:00,0,validation,0.18024794891099233,0,0,1,0,0,1
1006,2008-09-22 07:12:00,0,validation,0.080956894996765685,0,0,0,0,0,1
1007,2008-09-22 10:43:00,0,validation,0.24443141821545525,1,1,1,1,0,1
1008,2008-09-22 11:50:00,0,validation,0.12959838772338775,0,0,0,0,0,1
1009,2008-09-22 12:11:00,0,validation,0.11997516222883871,0,0,0,0,0,1
1010,2008-09-22 12:45:00,0,validation,0.21481760620915033,1,1,1,1,0,1
1011,2008-09-22 13:03:00,0,validation,0.1155872019427007,0,0,0,0,0,1
1012,2008-09-22 14:24:00,0,validation,0.13623996373996375,0,0,0,0,0,1
1013,2008-09-22 14:27:00,0,validation,0.15389395251487645,0,0,0,0,0,1
1014,2008-09-22 14:36:00,0,validation,0.16204644130379428,0,0,0,0,0,1
1015,2008-09-22 16:25:00,0,validation,0.15322223171565275,0,0,0,0,0,1
1016,2008-09-22 21:30:00,0,validation,0.14073558643107323,0,0,0,0,0,1
1017,2008-09-22 21:31:00,0,validation,0.14078580702922808,0,0,0,0,0,1
1018,2008-09-22 22:15:00,0,validation,0.14874712460741873,0,0,0,0,0,1
1019,2008-09-22 22:17:00,0,validation,0.12925546757164408,0,0,0,0,0,1
1020,2008-09-22 23:01:00,0,validation,0.13834424603174605,0,0,0,0,0,1
1021,2008-09-22 23:10:00,0,validation,0.15382088744588743,0,0,0,0,0,1
1022,2008-09-23 00:57:00,0,validation,0.14738792335115866,0,0,0,0,0,1
1023,2008-09-23 06:44:00,0,validation,0.16733246670746671,0,0,0,0,0,1
1024,2008-09-23 06:44:00,0,validation,0.12433567821067827,0,0,0,0,0,1
1025,2008-09-23 06:52:00,0,validation,0.19210050611153556,0,1,1,1,0,1
1026,2008-09-23 07:58:00,0,validation,0.18172956086628858,0,0,1,0,0,1
1027,2008-09-23 08:11:00,0,validation,0.1014016563146998,0,0,0,0,0,1
1028,2008-09-23 09:43:00,0,validation,0.18960003966621611,0,1,1,1,0,1
1029,2008-09-23 11:14:00,1,validation,0.17493335137085136,0,0,0,0,0,1
1030,2008-09-23 11:42:00,0,validation,0.14305140692640697,0,0,0,0,0,1
1031,2008-09-23 11:43:00,0,validation,0.18627882819794589,0,0,1,0,0,1
1032,2008-09-23 12:29:00,0,validation,0.10875375562577742,0,0,0,0,0,1
1033,2008-09-23 12:31:00,0,validation,0.17566715752041837,0,0,0,0,0,1
1034,2008-09-23 12:46:00,0,validation,0.17834371439963548,0,0,1,0,0,1
1035,2008-09-23 13:37:00,0,validation,0.17818076939400471,0,0,1,0,0,1
1036,2008-09-23 15:23:00,0,validation,0.20552052231424034,0,1,1,1,0,1
1037,2008-09-23 15:33:00,0,validation,0.10115277777777779,0,0,0,0,0,1
1038,2008-09-23 15:58:00,0,validation,0.14647663100788103,0,0,0,0,0,1
1039,2008-09-23 18:10:00,0,validation,0.21921346273552156,1,1,1,1,0,1
1040,2008-09-23 18:36:00,0,validation,0.12131343656343656,0,0,0,0,0,1
1041,2008-09-23 18:56:00,0,validation,0.27696128408628412,1,1,1,1,0,1
1042,2008-09-23 20:18:00,0,validation,0.10479270291112394,0,0,0,0,0,1
1043,2008-09-23 20:59:00,0,validation,0.1705519619269619,0,0,0,0,0,1
1044,2008-09-23 21:26:00,0,validation,0.11191265352294766,0,0,0,0,0,1
1045,2008-09-23 22:25:00,0,validation,0.089270781119465334,0,0,0,0,0,1
1046,2008-09-24 02:19:00,0,validation,0.18537958365164242,0,0,1,0,0,1
1047,2008-09-24 02:44:00,0,validation,0.13989380145997793,0,0,0,0,0,1
1048,2008-09-24 03:32:00,0,validation,0.14199790487290487,0,0,0,0,0,1
1049,2008-09-24 03:40:00,0,validation,0.16296401515151515,0,0,0,0,0,1
1050,2008-09-24 05:13:00,0,validation,0.1351192725477959,0,0,0,0,0,1
1051,2008-09-24 05:22:00,0,validation,0.15748712216146429,0,0,0,0,0,1
1052,2008-09-24 06:13:00,0,validation,0.17175159065515275,0,0,0,0,0,1
1053,2008-09-24 06:14:00,0,validation,0.20747116586095579,1,1,1,1,0,1
1054,2008-09-24 07:23:00,0,validation,0.15245722333222333,0,0,0,0,0,1
1055,2008-09-24 10:10:00,0,validation,0.15962222867002279,0,0,0,0,0,1
1056,2008-09-24 10:53:00,0,validation,0.11357501526251529,0,0,0,0,0,1
1057,2008-09-24 10:59:00,0,validation,0.14720903808834843,0,0,0,0,0,1
1058,2008-09-24 11:47:00,0,validation,0.13623172660672661,0,0,0,0,0,1
1059,2008-09-24 12:04:00,0,validation,0.17729806952020577,0,0,1,0,0,1
1060,2008-09-24 12:35:00,0,validation,0.20689564846917791,0,1,1,1,0,1
1061,2008-09-24 13:01:00,0,validation,0.17095711722917606,0,0,0,0,0,1
1062,2008-09-24 15:05:00,1,validation,0.17313284179588526,0,0,0,0,0,1
1063,2008-09-24 15:39:00,0,validation,0.24157385953169322,1,1,1,1,0,1
1064,2008-09-24 15:42:00,0,validation,0.17206197572501916,0,0,0,0,0,1
1065,2008-09-24 15:43:00,0,validation,0.18743720447285026,0,0,1,0,0,1
1066,2008-09-24 16:26:00,0,validation,0.16410526517766466,0,0,0,0,0,1
1067,2008-09-24 17:54:00,0,validation,0.21640995115995115,1,1,1,1,0,1
1068,2008-09-24 18:05:00,0,validation,0.17222305064216831,0,0,0,0,0,1
1069,2008-09-25 01:05:00,0,validation,0.11811390978302745,0,0,0,0,0,1
1070,2008-09-25 02:03:00,0,validation,0.18333109860443619,0,0,1,0,0,1
1071,2008-09-25 06:21:00,0,validation,0.13240607550661901,0,0,0,0,0,1
1072,2008-09-25 07:12:00,0,validation,0.18289896853643661,0,0,1,0,0,1
1073,2008-09-25 07:58:00,0,validation,0.12798939510310478,0,0,0,0,0,1
1074,2008-09-25 08:45:00,0,validation,0.25074164969017909,1,1,1,1,0,1
1075,2008-09-25 09:31:00,0,validation,0.1503576978576979,0,0,0,0,0,1
1076,2008-09-25 10:23:00,0,validation,0.10569390617552382,0,0,0,0,0,1
1077,2008-09-25 11:08:00,0,validation,0.17792908072319835,0,0,1,0,0,1
1078,2008-09-25 11:09:00,0,validation,0.12261707736707737,0,0,0,0,0,1
1079,2008-09-25 11:55:00,0,validation,0.18809434682964099,0,0,1,0,0,1
1080,2008-09-25 13:42:00,0,validation,0.17973633024064056,0,0,1,0,0,1
1081,2008-09-25 14:08:00,0,validation,0.074196618440039497,0,0,0,0,0,1
1082,2008-09-25 14:28:00,0,validation,0.13481348753903102,0,0,0,0,0,1
1083,2008-09-25 15:12:00,0,validation,0.097810785197512906,0,0,0,0,0,1
1084,2008-09-25 15:40:00,0,validation,0.15187193362193363,0,0,0,0,0,1
1085,2008-09-25 15:55:00,0,validation,0.18082382259870819,0,0,1,0,0,1
1086,2008-09-25 16:44:00,0,validation,0.13209671125975478,0,0,0,0,0,1
1087,2008-09-25 17:28:00,0,validation,0.18683688533688531,0,0,1,0,0,1
1088,2008-09-25 17:29:00,0,validation,0.1670674741924742,0,0,0,0,0,1
1089,2008-09-25 19:49:00,0,validation,0.16498358585858586,0,0,0,0,0,1
1090,2008-09-25 22:05:00,0,validation,0.13562500000000002,0,0,0,0,0,1
1091,2008-09-25 23:04:00,0,validation,0.19245475599279943,0,1,1,1,0,1
1092,2008-09-25 23:48:00,0,validation,0.1907625008078972,0,1,1,1,0,1
1093,2008-09-26 00:19:00,0,validation,0.16786272918258213,0,0,0,0,0,1
1094,2008-09-26 01:21:00,0,validation,0.22581614463967406,1,1,1,1,0,1
1095,2008-09-26 02:26:00,0,validation,0.18232255975766204,0,0,1,0,0,1
1096,2008-09-26 03:12:00,0,validation,0.14599978956228959,0,0,0,0,0,1
1097,2008-09-26 03:29:00,0,validation,0.19242673870247398,0,1,1,1,0,1
1098,2008-09-26 04:14:00,0,validation,0.099684944684944696,0,0,0,0,0,1
1099,2008-09-26 05:32:00,0,validation,0.11645417776667777,0,0,0,0,0,1
1100,2008-09-26 11:08:00,0,validation,0.1957185306168682,0,1,1,1,0,1
1101,2008-09-26 13:36:00,0,validation,0.13676057357675009,0,0,0,0,0,1
1102,2008-09-26 13:45:00,0,validation,0.16946793807215799,0,0,0,0,0,1
1103,2008-09-26 14:20:00,0,validation,0.17078206757011102,0,0,0,0,0,1
1104,2008-09-26 14:51:00,0,validation,0.11599188594486583,0,0,0,0,0,1
1105,2008-09-26 15:06:00,0,validation,0.15440777278277276,0,0,0,0,0,1
1106,2008-09-26 15:36:00,0,validation,0.15531638867668282,0,0,0,0,0,1
1107,2008-09-26 15:49:00,0,validation,0.2289985295501599,1,1,1,1,0,1
1108,2008-09-26 16:31:00,0,validation,0.17913645668057435,0,0,1,0,0,1
1109,2008-09-26 17:59:00,0,validation,0.1703164947797301,0,0,0,0,0,1
1110,2008-09-26 18:54:00,0,validation,0.19922096935460104,0,1,1,1,0,1
1111,2008-09-26 19:38:00,0,validation,0.15486016549875245,0,0,0,0,0,1
1112,2008-09-26 19:45:00,0,validation,0.12656283993783993,0,0,0,0,0,1
1113,2008-09-26 19:55:00,0,validation,0.14143308080808081,0,0,0,0,0,1
1114,2008-09-26 20:23:00,0,validation,0.17111892520182992,0,0,0,0,0,1
1115,2008-09-26 20:31:00,0,validation,0.20887933248382165,1,1,1,1,0,1
1116,2008-09-27 00:16:00,0,validation,0.19310549866799867,0,1,1,1,0,1
1117,2008-09-27 00:17:00,0,validation,0.19141369873134753,0,1,1,1,0,1
1118,2008-09-27 01:29:00,0,validation,0.16945853248059137,0,0,0,0,0,1
1119,2008-09-27 03:53:00,0,validation,0.084031746031746041,0,0,0,0,0,1
1120,2008-09-27 10:10:00,0,validation,0.18212158674658677,0,0,1,0,0,1
1121,2008-09-27 10:13:00,0,validation,0.16664092472173139,0,0,0,0,0,1
1122,2008-09-27 11:04:00,0,validation,0.13802539368843716,0,0,0,0,0,1
1123,2008-09-27 11:45:00,0,validation,0.14661187654937655,0,0,0,0,0,1
1124,2008-09-27 11:54:00,0,validation,0.18815539725428665,0,1,1,1,0,1
1125,2008-09-27 12:26:00,0,validation,0.11898718601659777,0,0,0,0,0,1
1126,2008-09-27 12:28:00,0,validation,0.13617281329781331,0,0,0,0,0,1
1127,2008-09-27 12:36:00,0,validation,0.14547935887641769,0,0,0,0,0,1
1128,2008-09-27 13:14:00,0,validation,0.063569192159749446,0,0,0,0,0,1
1129,2008-09-27 13:19:00,0,validation,0.17673027898027902,0,0,1,0,0,1
1130,2008-09-27 14:01:00,0,validation,0.18390936718510248,0,0,1,0,0,1
1131,2008-09-27 14:05:00,0,validation,0.15568324686126545,0,0,0,0,0,1
1132,2008-09-27 14:46:00,0,validation,0.21460225961116045,1,1,1,1,0,1
1133,2008-09-27 15:09:00,0,validation,0.18924542023593882,0,1,1,1,0,1
1134,2008-09-27 15:30:00,0,validation,0.15449108092200198,0,0,0,0,0,1
1135,2008-09-27 16:13:00,0,validation,0.18877401949615569,0,1,1,1,0,1
1136,2008-09-27 17:26:00,0,validation,0.1116402602027602,0,0,0,0,0,1
1137,2008-09-27 18:14:00,0,validation,0.19616383093058956,0,1,1,1,0,1
1138,2008-09-27 19:16:00,0,validation,0.14908809613589027,0,0,0,0,0,1
1139,2008-09-27 20:46:00,0,validation,0.19045003607503605,0,1,1,1,0,1
1140,2008-09-27 21:45:00,0,validation,0.11821233008253471,0,0,0,0,0,1
1141,2008-09-28 00:51:00,0,validation,0.18659324680695646,0,0,1,0,0,1
1142,2008-09-28 01:22:00,0,validation,0.12709848484848485,0,0,0,0,0,1
1143,2008-09-28 03:55:00,0,validation,0.15382356431408289,0,0,0,0,0,1
1144,2008-09-28 04:45:00,1,validation,0.14782944506473922,0,0,0,0,0,1
1145,2008-09-28 05:31:00,0,validation,0.16680618686868684,0,0,0,0,0,1
1146,2008-09-28 06:22:00,0,validation,0.23146276702313856,1,1,1,1,0,1
1147,2008-09-28 07:38:00,0,validation,0.20697360972360968,0,1,1,1,0,1
1148,2008-09-28 07:52:00,0,validation,0.12291637529137529,0,0,0,0,0,1
1149,2008-09-28 08:40:00,0,validation,0.14798078551882898,0,0,0,0,0,1
1150,2008-09-28 08:41:00,0,validation,0.11056171657719646,0,0,0,0,0,1
1151,2008-09-28 09:50:00,1,validation,0.14606774434715611,0,0,0,0,0,1
1152,2008-09-28 17:05:00,0,validation,0.11152233792067552,0,0,0,0,0,1
1153,2008-09-28 17:06:00,0,validation,0.18054611592111594,0,0,1,0,0,1
1154,2008-09-28 17:49:00,0,validation,0.14204812096116448,0,0,0,0,0,1
1155,2008-09-28 17:55:00,0,validation,0.20556246404930614,0,1,1,1,0,1
1156,2008-09-28 18:34:00,0,validation,0.256451884007805,1,1,1,1,0,1
1157,2008-09-28 18:43:00,0,validation,0.13764275492739114,0,0,0,0,0,1
1158,2008-09-28 19:18:00,0,validation,0.086441086691086702,0,0,0,0,0,1
1159,2008-09-28 19:29:00,0,validation,0.11109219208211144,0,0,0,0,0,1
1160,2008-09-28 20:02:00,0,validation,0.16924923687423685,0,0,0,0,0,1
1161,2008-09-28 20:42:00,0,validation,0.14203085279761141,0,0,0,0,0,1
1162,2008-09-28 21:08:00,0,validation,0.24153880403222505,1,1,1,1,0,1
1163,2008-09-28 21:27:00,0,validation,0.15148898835083047,0,0,0,0,0,1
1164,2008-09-28 22:44:00,0,validation,0.17191933066933068,0,0,0,0,0,1
1165,2008-09-28 23:54:00,0,validation,0.1307638888888889,0,0,0,0,0,1
1166,2008-09-29 02:06:00,0,validation,0.12835271672771673,0,0,0,0,0,1
1167,2008-09-29 03:07:00,0,validation,0.15035786115105337,0,0,0,0,0,1
1168,2008-09-29 03:50:00,0,validation,0.15748608847293061,0,0,0,0,0,1
1169,2008-09-29 04:18:00,0,validation,0.1257539682539682,0,0,0,0,0,1
1170,2008-09-29 04:47:00,0,validation,0.13261676548089593,0,0,0,0,0,1
1171,2008-09-29 05:32:00,0,validation,0.18299040090344437,0,0,1,0,0,1
1172,2008-09-29 07:53:00,0,validation,0.15075180375180375,0,0,0,0,0,1
1173,2008-09-29 09:15:00,0,validation,0.16370026549960759,0,0,0,0,0,1
1174,2008-09-29 11:13:00,0,validation,0.21011269286269282,1,1,1,1,0,1
1175,2008-09-29 11:53:00,0,validation,0.1142765193868135,0,0,0,0,0,1
1176,2008-09-29 12:25:00,0,validation,0.11270222832722836,0,0,0,0,0,1
1177,2008-09-29 14:03:00,0,validation,0.19344128665452195,0,1,1,1,0,1
1178,2008-09-29 14:04:00,0,validation,0.11543658792188205,0,0,0,0,0,1
1179,2008-09-29 14:08:00,0,validation,0.19287098559652915,0,1,1,1,0,1
1180,2008-09-29 15:09:00,0,validation,0.1682256144393241,0,0,0,0,0,1
1181,2008-09-29 15:16:00,0,validation,0.108319880727624,0,0,0,0,0,1
1182,2008-09-29 16:27:00,0,validation,0.089200341325341312,0,0,0,0,0,1
1183,2008-09-29 17:21:00,0,validation,0.11754417110667111,0,0,0,0,0,1
1184,2008-09-29 21:26:00,0,validation,0.16732777230938997,0,0,0,0,0,1
1185,2008-09-29 21:48:00,1,validation,0.17043380230880231,0,0,0,0,0,1
1186,2008-09-29 22:13:00,0,validation,0.12131000481000483,0,0,0,0,0,1
1187,2008-09-30 01:33:00,0,validation,0.15790449134199133,0,0,0,0,0,1
1188,2008-09-30 01:36:00,0,validation,0.10901875901875904,0,0,0,0,0,1
1189,2008-09-30 02:44:00,1,validation,0.12785250056960584,0,0,0,0,0,1
1190,2008-09-30 04:01:00,0,validation,0.11332764457764456,0,0,0,0,0,1
1191,2008-09-30 04:42:00,0,validation,0.20311221234905447,0,1,1,1,0,1
1192,2008-09-30 08:44:00,0,validation,0.23937036125639063,1,1,1,1,0,1
1193,2008-09-30 12:31:00,0,validation,0.11256677710609937,0,0,0,0,0,1
1194,2008-09-30 13:29:00,0,validation,0.14554056416556416,0,0,0,0,0,1
1195,2008-09-30 14:20:00,0,validation,0.12112344147398497,0,0,0,0,0,1
1196,2008-09-30 14:36:00,0,validation,0.20499658079054706,0,1,1,1,0,1
1197,2008-09-30 15:16:00,0,validation,0.083410192147034254,0,0,0,0,0,1
1198,2008-09-30 15:26:00,0,validation,0.1281472555222555,0,0,0,0,0,1
1199,2008-09-30 16:13:00,0,validation,0.13174226874657913,0,0,0,0,0,1
1200,2008-09-30 16:50:00,0,validation,0.12973092696776911,0,0,0,0,0,1
1201,2008-09-30 17:27:00,0,validation,0.12525616975616977,0,0,0,0,0,1
1202,2008-09-30 19:17:00,0,validation,0.17844837874114192,0,0,1,0,0,1
1203,2008-09-30 19:17:00,0,validation,0.19991264965684472,0,1,1,1,0,1
1204,2008-09-30 21:39:00,0,validation,0.17244893301143305,0,0,0,0,0,1
1205,2008-09-30 21:42:00,0,validation,0.16843885889969648,0,0,0,0,0,1
1206,2008-09-30 23:34:00,0,validation,0.16265638528138532,0,0,0,0,0,1
1207,2008-09-30 23:58:00,0,validation,0.26916712127741538,1,1,1,1,0,1
1208,2008-10-01 00:20:00,0,validation,0.2064861037655156,0,1,1,1,0,1
1209,2008-10-01 01:11:00,0,validation,0.23675115821662099,1,1,1,1,0,1
1210,2008-10-01 02:53:00,0,validation,0.21203979171413379,1,1,1,1,0,1
1211,2008-10-01 05:56:00,1,validation,0.10189069264069263,0,0,0,0,0,1
1212,2008-10-01 07:19:00,0,validation,0.10195833333333335,0,0,0,0,0,1
1213,2008-10-01 07:28:00,0,validation,0.084265206557560382,0,0,0,0,0,1
1214,2008-10-01 08:15:00,0,validation,0.17365464886420767,0,0,0,0,0,1
1215,2008-10-01 09:15:00,0,validation,0.085437895437895428,0,0,0,0,0,1
1216,2008-10-01 09:16:00,0,validation,0.17430125896045548,0,0,0,0,0,1
1217,2008-10-01 14:22:00,0,validation,0.23336724958048494,1,1,1,1,0,1
1218,2008-10-01 15:16:00,0,validation,0.15327292288321703,0,0,0,0,0,1
1219,2008-10-01 16:43:00,0,validation,0.2365579906204906,1,1,1,1,0,1
1220,2008-10-01 19:57:00,0,validation,0.14237139760823977,0,0,0,0,0,1
1221,2008-10-01 21:15:00,0,validation,0.14342857114935287,0,0,0,0,0,1
1222,2008-10-01 21:50:00,0,validation,0.1344022841193894,0,0,0,0,0,1
1223,2008-10-01 22:47:00,0,validation,0.17622062567299138,0,0,1,0,0,1
1224,2008-10-01 23:34:00,0,validation,0.13006405217589431,0,0,0,0,0,1
1225,2008-10-02 00:21:00,0,validation,0.21159290228922745,1,1,1,1,0,1
1226,2008-10-02 00:22:00,0,validation,0.15682023079577428,0,0,0,0,0,1
1227,2008-10-02 03:17:00,1,validation,0.22605629226294852,1,1,1,1,0,1
1228,2008-10-02 03:27:00,0,validation,0.27518706023485434,1,1,1,1,0,1
1229,2008-10-02 04:11:00,0,validation,0.17686519885007235,0,0,1,0,0,1
1230,2008-10-02 04:23:00,0,validation,0.1999077453343758,0,1,1,1,0,1
1231,2008-10-02 04:24:00,0,validation,0.12741551745356094,0,0,0,0,0,1
1232,2008-10-02 06:49:00,0,validation,0.16000924660135191,0,0,0,0,0,1
1233,2008-10-02 07:35:00,0,validation,0.21498731178665395,1,1,1,1,0,1
1234,2008-10-02 07:58:00,0,validation,0.16289844877344875,0,0,0,0,0,1
1235,2008-10-02 08:24:00,0,validation,0.14897964535464536,0,0,0,0,0,1
1236,2008-10-02 08:52:00,0,validation,0.12711594926812317,0,0,0,0,0,1
1237,2008-10-02 08:57:00,0,validation,0.20321640197607688,0,1,1,1,0,1
1238,2008-10-02 09:10:00,1,validation,0.21212868734579257,1,1,1,1,0,1
1239,2008-10-02 09:42:00,0,validation,0.16693609413462357,0,0,0,0,0,1
1240,2008-10-02 10:03:00,0,validation,0.25022544816294806,1,1,1,1,0,1
1241,2008-10-02 14:07:00,1,validation,0.1962485153735154,0,1,1,1,0,1
1242,2008-10-02 14:10:00,1,validation,0.18814444746430042,0,0,1,1,0,1
1243,2008-10-02 14:54:00,0,validation,0.16113893292697642,0,0,0,0,0,1
1244,2008-10-02 15:10:00,0,validation,0.17803474218307982,0,0,1,0,0,1
1245,2008-10-02 15:44:00,0,validation,0.17670048701298696,0,0,1,0,0,1
1246,2008-10-02 15:58:00,0,validation,0.15267451560114606,0,0,0,0,0,1
1247,2008-10-02 16:32:00,0,validation,0.13043265762015763,0,0,0,0,0,1
1248,2008-10-02 16:58:00,0,validation,0.16645999711073237,0,0,0,0,0,1
1249,2008-10-02 17:00:00,0,validation,0.1929829545454545,0,1,1,1,0,1
1250,2008-10-02 17:19:00,0,validation,0.17476985881765295,0,0,0,0,0,1
1251,2008-10-02 19:21:00,0,validation,0.21175987084810607,1,1,1,1,0,1
1252,2008-10-02 19:25:00,0,validation,0.15789177912707322,0,0,0,0,0,1
1253,2008-10-02 20:54:00,0,test,0.20644393270128558,0,1,1,1,0,1
1254,2008-10-02 21:32:00,1,test,0.13064981108073215,0,0,0,0,0,1
1255,2008-10-02 21:33:00,0,test,0.27426315266242407,1,1,1,1,0,1
1256,2008-10-02 22:23:00,0,test,0.22535046021230229,1,1,1,1,0,1
1257,2008-10-02 22:33:00,0,test,0.20073935786435787,0,1,1,1,0,1
1258,2008-10-02 23:32:00,0,test,0.097576973951973969,0,0,0,0,0,1
1259,2008-10-02 23:32:00,0,test,0.14236698588424926,0,0,0,0,0,1
1260,2008-10-03 00:24:00,0,test,0.1797884623546388,0,0,0,0,0,1
1261,2008-10-03 00:55:00,0,test,0.20028789266289271,0,1,1,1,0,1
1262,2008-10-03 02:41:00,0,test,0.19949464454627497,0,1,1,1,0,1
1263,2008-10-03 03:52:00,0,test,0.18104457715487129,0,0,0,0,0,1
1264,2008-10-03 03:56:00,0,test,0.17864966977466978,0,0,0,0,0,1
1265,2008-10-03 04:49:00,0,test,0.15696867306121876,0,0,0,0,0,1
1266,2008-10-03 05:01:00,0,test,0.23772462159014013,1,1,1,1,0,1
1267,2008-10-03 05:45:00,0,test,0.20305604152500603,0,1,1,1,0,1
1268,2008-10-03 06:15:00,0,test,0.10419952963702965,0,0,0,0,0,1
1269,2008-10-03 08:35:00,0,test,0.16912794231911882,0,0,0,0,0,1
1270,2008-10-03 09:30:00,0,test,0.1310019802608812,0,0,0,0,0,1
1271,2008-10-03 11:40:00,0,test,0.19843132803187152,0,1,1,1,0,1
1272,2008-10-03 12:31:00,0,test,0.1855413455728101,0,0,1,0,0,1
1273,2008-10-03 18:45:00,0,test,0.18258483265100917,0,0,0,0,0,1
1274,2008-10-03 19:23:00,0,test,0.20013750394342497,0,1,1,1,0,1
1275,2008-10-03 19:23:00,0,test,0.14977174214674213,0,0,0,0,0,1
1276,2008-10-03 20:11:00,0,test,0.17157727076844725,0,0,0,0,0,1
1277,2008-10-03 20:26:00,0,test,0.14394857043541257,0,0,0,0,0,1
1278,2008-10-03 20:35:00,0,test,0.16536803058053062,0,0,0,0,0,1
1279,2008-10-03 20:46:00,0,test,0.17058111333111334,0,0,0,0,0,1
1280,2008-10-03 21:15:00,0,test,0.18375101105035316,0,0,1,0,0,1
1281,2008-10-03 21:52:00,0,test,0.14334887182484438,0,0,0,0,0,1
1282,2008-10-03 22:08:00,0,test,0.11792735695676873,0,0,0,0,0,1
1283,2008-10-03 22:53:00,0,test,0.20761233211233207,0,1,1,1,0,1
1284,2008-10-03 23:46:00,0,test,0.18086509813715701,0,0,0,0,0,1
1285,2008-10-04 00:58:00,0,test,0.1798885558885559,0,0,0,0,0,1
1286,2008-10-04 01:49:00,0,test,0.10892965367965367,0,0,0,0,0,1
1287,2008-10-04 02:36:00,0,test,0.075132950382950384,0,0,0,0,0,1
1288,2008-10-04 03:53:00,0,test,0.12347662060162062,0,0,0,0,0,1
1289,2008-10-04 04:12:00,0,test,0.1818679101695406,0,0,0,0,0,1
1290,2008-10-04 04:45:00,0,test,0.1388738924119359,0,0,0,0,0,1
1291,2008-10-04 09:29:00,0,test,0.14402464591222333,0,0,0,0,0,1
1292,2008-10-04 15:16:00,0,test,0.20184811638820166,0,1,1,1,0,1
1293,2008-10-04 16:58:00,0,test,0.20442856160629991,0,1,1,1,0,1
1294,2008-10-04 18:15:00,0,test,0.17952996142462255,0,0,0,0,0,1
1295,2008-10-04 18:25:00,0,test,0.1039681170652533,0,0,0,0,0,1
1296,2008-10-04 18:59:00,0,test,0.16854159525115409,0,0,0,0,0,1
1297,2008-10-04 19:12:00,0,test,0.18213972791913971,0,0,0,0,0,1
1298,2008-10-04 19:47:00,0,test,0.15824463268213268,0,0,0,0,0,1
1299,2008-10-04 19:54:00,0,test,0.22745039609265949,1,1,1,1,0,1
1300,2008-10-04 20:39:00,0,test,0.13937202688092779,0,0,0,0,0,1
1301,2008-10-04 22:06:00,0,test,0.14143160718591752,0,0,0,0,0,1
1302,2008-10-04 23:18:00,1,test,0.18520597394409483,0,0,1,0,0,1
1303,2008-10-05 00:33:00,1,test,0.13999311676885207,0,0,0,0,0,1
1304,2008-10-05 00:33:00,0,test,0.2120493015970957,0,1,1,1,0,1
1305,2008-10-05 01:35:00,0,test,0.16958739500411493,0,0,0,0,0,1
1306,2008-10-05 04:01:00,0,test,0.1450922581964782,0,0,0,0,0,1
1307,2008-10-05 04:20:00,0,test,0.2022008963258963,0,1,1,1,0,1
1308,2008-10-05 04:48:00,0,test,0.11074534493284492,0,0,0,0,0,1
1309,2008-10-05 05:31:00,0,test,0.15244794094794101,0,0,0,0,0,1
1310,2008-10-05 05:53:00,0,test,0.10122551791062021,0,0,0,0,0,1
1311,2008-10-05 06:15:00,0,test,0.21467192714406333,0,1,1,1,0,1
1312,2008-10-05 08:02:00,0,test,0.20014826170418273,0,1,1,1,0,1
1313,2008-10-05 08:40:00,0,test,0.18390369352869354,0,0,1,0,0,1
1314,2008-10-05 09:04:00,0,test,0.18574973582470386,0,0,1,0,0,1
1315,2008-10-05 09:47:00,0,test,0.1026231502415713,0,0,0,0,0,1
1316,2008-10-05 10:00:00,0,test,0.15788895162808206,0,0,0,0,0,1
1317,2008-10-05 10:43:00,0,test,0.14800827700827701,0,0,0,0,0,1
1318,2008-10-05 11:05:00,0,test,0.15621426548915104,0,0,0,0,0,1
1319,2008-10-05 11:30:00,0,test,0.20437015524446536,0,1,1,1,0,1
1320,2008-10-05 12:03:00,0,test,0.21063276124460337,0,1,1,1,0,1
1321,2008-10-05 12:17:00,0,test,0.13951824564324564,0,0,0,0,0,1
1322,2008-10-05 13:49:00,0,test,0.13323638629888632,0,0,0,0,0,1
1323,2008-10-05 14:34:00,0,test,0.18726622296785336,0,0,1,0,0,1
1324,2008-10-05 15:30:00,1,test,0.15870774254340433,0,0,0,0,0,1
1325,2008-10-05 15:35:00,1,test,0.11891254578754577,0,0,0,0,0,1
1326,2008-10-05 16:15:00,0,test,0.30400916716134113,1,1,1,1,0,1
1327,2008-10-05 16:37:00,1,test,0.19607075976425822,0,0,1,1,0,1
1328,2008-10-05 16:49:00,1,test,0.19827687663213975,0,0,1,1,0,1
1329,2008-10-05 18:46:00,1,test,0.17324806970523082,0,0,0,0,0,1
1330,2008-10-05 18:59:00,0,test,0.18362287485024556,0,0,1,0,0,1
1331,2008-10-05 19:45:00,0,test,0.15710888914035367,0,0,0,0,0,1
1332,2008-10-05 20:12:00,0,test,0.14968696254725666,0,0,0,0,0,1
1333,2008-10-05 20:30:00,0,test,0.23622005319218942,1,1,1,1,0,1
1334,2008-10-05 22:13:00,0,test,0.15715272227772228,0,0,0,0,0,1
1335,2008-10-06 00:41:00,0,test,0.1507873172224195,0,0,0,0,0,1
1336,2008-10-06 01:25:00,0,test,0.19724228222757634,0,0,1,1,0,1
1337,2008-10-06 01:27:00,0,test,0.19857123192065645,0,1,1,1,0,1
1338,2008-10-06 01:30:00,0,test,0.16493234910514321,0,0,0,0,0,1
1339,2008-10-06 02:44:00,0,test,0.15517946024563672,0,0,0,0,0,1
1340,2008-10-06 02:49:00,0,test,0.21720648265133563,0,1,1,1,0,1
1341,2008-10-06 03:31:00,0,test,0.1759599778241083,0,0,0,0,0,1
1342,2008-10-06 03:50:00,1,test,0.12824238320476877,0,0,0,0,0,1
1343,2008-10-06 03:57:00,1,test,0.159669523695259,0,0,0,0,0,1
1344,2008-10-06 04:26:00,0,test,0.23416929598179595,1,1,1,1,0,1
1345,2008-10-06 05:21:00,0,test,0.20256280072584421,0,1,1,1,0,1
1346,2008-10-06 05:24:00,0,test,0.20671889537714347,0,1,1,1,0,1
1347,2008-10-06 06:11:00,0,test,0.17897311448329417,0,0,0,0,0,1
1348,2008-10-06 06:26:00,0,test,0.22768140521758948,1,1,1,1,0,1
1349,2008-10-06 06:49:00,0,test,0.098555033416875534,0,0,0,0,0,1
1350,2008-10-06 07:12:00,0,test,0.18222908708938124,0,0,0,0,0,1
1351,2008-10-06 07:17:00,0,test,0.16529752192252192,0,0,0,0,0,1
1352,2008-10-06 07:35:00,0,test,0.14308593915861884,0,0,0,0,0,1
1353,2008-10-06 07:38:00,0,test,0.26949746780996775,1,1,1,1,0,1
1354,2008-10-06 08:24:00,0,test,0.1550222308488613,0,0,0,0,0,1
1355,2008-10-06 08:57:00,0,test,0.10566790317525612,0,0,0,0,0,1
1356,2008-10-06 09:11:00,0,test,0.17251556082806091,0,0,0,0,0,1
1357,2008-10-06 09:57:00,0,test,0.22330117703647118,1,1,1,1,0,1
1358,2008-10-06 10:07:00,0,test,0.12804591690088046,0,0,0,0,0,1
1359,2008-10-06 11:51:00,0,test,0.17820249766573298,0,0,0,0,0,1
1360,2008-10-06 12:39:00,0,test,0.19264833962570535,0,0,1,1,0,1
1361,2008-10-06 12:42:00,0,test,0.19792023158370411,0,0,1,1,0,1
1362,2008-10-06 13:08:00,0,test,0.11539540138224348,0,0,0,0,0,1
1363,2008-10-06 13:38:00,1,test,0.25002336488648574,1,1,1,1,0,1
1364,2008-10-06 13:55:00,1,test,0.24092454168638378,1,1,1,1,0,1
1365,2008-10-06 15:00:00,1,test,0.24879126295294096,1,1,1,1,0,1
1366,2008-10-06 15:01:00,0,test,0.14502088798172558,0,0,0,0,0,1
1367,2008-10-06 15:52:00,0,test,0.12943722209163386,0,0,0,0,0,1
1368,2008-10-06 16:42:00,0,test,0.17069848138357266,0,0,0,0,0,1
1369,2008-10-06 16:50:00,0,test,0.18579435476803904,0,0,1,0,0,1
1370,2008-10-06 17:26:00,0,test,0.15096736270265682,0,0,0,0,0,1
1371,2008-10-06 17:26:00,0,test,0.11635771373766898,0,0,0,0,0,1
1372,2008-10-06 17:35:00,0,test,0.16869700233505414,0,0,0,0,0,1
1373,2008-10-06 18:54:00,0,test,0.14875748374432585,0,0,0,0,0,1
1374,2008-10-06 18:55:00,0,test,0.28345647825667841,1,1,1,1,0,1
1375,2008-10-06 19:42:00,0,test,0.18059271284271286,0,0,0,0,0,1
1376,2008-10-06 20:02:00,0,test,0.12815395388924802,0,0,0,0,0,1
1377,2008-10-06 20:36:00,0,test,0.19426320874893196,0,0,1,1,0,1
1378,2008-10-06 20:47:00,0,test,0.18199144394253083,0,0,0,0,0,1
1379,2008-10-06 21:46:00,0,test,0.21441999455858149,0,1,1,1,0,1
1380,2008-10-06 21:48:00,0,test,0.05276692781855824,0,0,0,0,0,1
1381,2008-10-06 22:37:00,0,test,0.14681418043806149,0,0,0,0,0,1
1382,2008-10-06 23:03:00,0,test,0.13333902961391519,0,0,0,0,0,1
1383,2008-10-07 01:46:00,0,test,0.18496862350325974,0,0,1,0,0,1
1384,2008-10-07 03:29:00,0,test,0.16992508960219405,0,0,0,0,0,1
1385,2008-10-07 03:39:00,0,test,0.235888103726339,1,1,1,1,0,1
1386,2008-10-07 07:32:00,0,test,0.14723210542131326,0,0,0,0,0,1
1387,2008-10-07 07:41:00,0,test,0.18258378427128427,0,0,0,0,0,1
1388,2008-10-07 08:25:00,0,test,0.17491737918943798,0,0,0,0,0,1
1389,2008-10-07 08:26:00,0,test,0.13687954406704406,0,0,0,0,0,1
1390,2008-10-07 09:11:00,0,test,0.21902544677544675,1,1,1,1,0,1
1391,2008-10-07 09:20:00,0,test,0.20612910495465678,0,1,1,1,0,1
1392,2008-10-07 09:59:00,0,test,0.11605102822014586,0,0,0,0,0,1
1393,2008-10-07 10:04:00,0,test,0.12226462426462428,0,0,0,0,0,1
1394,2008-10-07 10:10:00,0,test,0.1301999677201883,0,0,0,0,0,1
1395,2008-10-07 10:51:00,0,test,0.10318078898225957,0,0,0,0,0,1
1396,2008-10-07 11:15:00,0,test,0.17991547096694155,0,0,0,0,0,1
1397,2008-10-07 11:16:00,0,test,0.37092684265620696,1,1,1,1,0,1
1398,2008-10-07 11:36:00,0,test,0.23785240119357767,1,1,1,1,0,1
1399,2008-10-07 12:40:00,0,test,0.15808516483516483,0,0,0,0,0,1
1400,2008-10-07 13:10:00,1,test,0.17034072068282594,0,0,0,0,0,1
1401,2008-10-07 13:48:00,0,test,0.22079691142191143,1,1,1,1,0,1
1402,2008-10-07 14:35:00,0,test,0.17633028370837969,0,0,0,0,0,1
1403,2008-10-07 16:32:00,0,test,0.16734803391053393,0,0,0,0,0,1
1404,2008-10-07 17:06:00,0,test,0.24475869733971847,1,1,1,1,0,1
1405,2008-10-07 17:28:00,0,test,0.14877990168586144,0,0,0,0,0,1
1406,2008-10-07 18:39:00,0,test,0.15456757390991477,0,0,0,0,0,1
1407,2008-10-07 19:24:00,0,test,0.1207655261405261,0,0,0,0,0,1
1408,2008-10-07 20:19:00,0,test,0.18208284890396956,0,0,0,0,0,1
1409,2008-10-07 20:39:00,0,test,0.19063204524233932,0,0,1,1,0,1
1410,2008-10-07 20:48:00,0,test,0.17041470702500114,0,0,0,0,0,1
1411,2008-10-08 04:47:00,0,test,0.1498528115885801,0,0,0,0,0,1
1412,2008-10-08 05:35:00,0,test,0.15539715869878915,0,0,0,0,0,1
1413,2008-10-08 05:38:00,0,test,0.086623931623931616,0,0,0,0,0,1
1414,2008-10-08 06:25:00,0,test,0.12999361892192776,0,0,0,0,0,1
1415,2008-10-08 07:10:00,0,test,0.12423679339983691,0,0,0,0,0,1
1416,2008-10-08 07:13:00,0,test,0.14523176642198382,0,0,0,0,0,1
1417,2008-10-08 07:16:00,0,test,0.17556993353868358,0,0,0,0,0,1
1418,2008-10-08 09:01:00,0,test,0.15784779959668069,0,0,0,0,0,1
1419,2008-10-08 09:06:00,0,test,0.17817048237332256,0,0,0,0,0,1
1420,2008-10-08 10:37:00,0,test,0.10780049199166847,0,0,0,0,0,1
1421,2008-10-08 12:11:00,0,test,0.1220256485256485,0,0,0,0,0,1
1422,2008-10-08 13:35:00,0,test,0.16060091321933428,0,0,0,0,0,1
1423,2008-10-08 13:38:00,0,test,0.14386394161394164,0,0,0,0,0,1
1424,2008-10-08 14:48:00,0,test,0.11983832537524992,0,0,0,0,0,1
1425,2008-10-08 15:37:00,0,test,0.18353574970780856,0,0,1,0,0,1
1426,2008-10-08 16:26:00,0,test,0.18733683269438417,0,0,1,0,0,1
1427,2008-10-08 17:14:00,0,test,0.22885564390806323,1,1,1,1,0,1
1428,2008-10-08 17:31:00,0,test,0.19297124367360938,0,0,1,1,0,1
1429,2008-10-08 17:41:00,0,test,0.15943101343101349,0,0,0,0,0,1
1430,2008-10-08 18:22:00,0,test,0.15608361594545803,0,0,0,0,0,1
1431,2008-10-08 20:27:00,0,test,0.20477696608946605,0,1,1,1,0,1
1432,2008-10-08 21:19:00,0,test,0.17693001443001447,0,0,0,0,0,1
1433,2008-10-08 21:45:00,0,test,0.11149447774447775,0,0,0,0,0,1
1434,2008-10-08 22:08:00,0,test,0.17209953782551035,0,0,0,0,0,1
1435,2008-10-08 23:13:00,0,test,0.19300154402999672,0,0,1,1,0,1
1436,2008-10-08 23:50:00,0,test,0.24491618532611178,1,1,1,1,0,1
1437,2008-10-09 00:23:00,0,test,0.1249063724373322,0,0,0,0,0,1
1438,2008-10-09 04:34:00,1,test,0.1937800671550671,0,0,1,1,0,1
1439,2008-10-09 06:06:00,0,test,0.11726402763902763,0,0,0,0,0,1
1440,2008-10-09 07:38:00,0,test,0.16750861879666229,0,0,0,0,0,1
1441,2008-10-09 14:15:00,0,test,0.12824378640682987,0,0,0,0,0,1
1442,2008-10-09 15:04:00,0,test,0.11258980662536698,0,0,0,0,0,1
1443,2008-10-09 15:55:00,1,test,0.12459859142467837,0,0,0,0,0,1
1444,2008-10-09 15:56:00,0,test,0.16784382978132981,0,0,0,0,0,1
1445,2008-10-10 10:05:00,0,test,0.20332859307619536,0,1,1,1,0,1
1446,2008-10-10 10:46:00,0,test,0.10158229512033863,0,0,0,0,0,1
1447,2008-10-10 10:53:00,0,test,0.16092983405483405,0,0,0,0,0,1
1448,2008-10-10 12:30:00,0,test,0.14473594134623544,0,0,0,0,0,1
1449,2008-10-10 15:33:00,0,test,0.19828145173539913,0,1,1,1,0,1
1450,2008-10-10 15:50:00,0,test,0.26006433138472773,1,1,1,1,0,1
1451,2008-10-10 20:02:00,0,test,0.14266392939419256,0,0,0,0,0,1
1452,2008-10-10 21:03:00,0,test,0.1520351731601732,0,0,0,0,0,1
1453,2008-10-10 21:07:00,0,test,0.1496167106994313,0,0,0,0,0,1
1454,2008-10-10 21:16:00,0,test,0.098022456709956712,0,0,0,0,0,1
1455,2008-10-11 02:55:00,0,test,0.15380788911381013,0,0,0,0,0,1
1456,2008-10-11 06:56:00,0,test,0.1907453951277481,0,0,1,1,0,1
1457,2008-10-11 07:38:00,0,test,0.11495007851625499,0,0,0,0,0,1
1458,2008-10-11 07:39:00,0,test,0.3338594461575991,1,1,1,1,0,1
1459,2008-10-11 07:42:00,0,test,0.15842572574484343,0,0,0,0,0,1
1460,2008-10-11 08:27:00,0,test,0.18191819467250503,0,0,0,0,0,1
1461,2008-10-11 14:43:00,0,test,0.1902782634032634,0,0,1,1,0,1
1462,2008-10-11 15:33:00,0,test,0.12915918109668109,0,0,0,0,0,1
1463,2008-10-11 16:25:00,0,test,0.10539173567977916,0,0,0,0,0,1
1464,2008-10-11 23:16:00,0,test,0.16399936512146265,0,0,0,0,0,1
1465,2008-10-11 23:58:00,0,test,0.098637445887445899,0,0,0,0,0,1
1466,2008-10-12 00:57:00,0,test,0.13419498556998558,0,0,0,0,0,1
1467,2008-10-12 01:50:00,0,test,0.17685316929802222,0,0,0,0,0,1
1468,2008-10-12 02:59:00,0,test,0.12458492703761669,0,0,0,0,0,1
1469,2008-10-12 03:21:00,0,test,0.19500115162615164,0,0,1,1,0,1
1470,2008-10-12 03:28:00,0,test,0.18716884607573966,0,0,1,0,0,1
1471,2008-10-12 08:19:00,0,test,0.13179108632912981,0,0,0,0,0,1
1472,2008-10-12 18:47:00,0,test,0.10791083916083917,0,0,0,0,0,1
1473,2008-10-13 03:34:00,0,test,0.12884718707704088,0,0,0,0,0,1
1474,2008-10-13 03:53:00,0,test,0.17826027452056867,0,0,0,0,0,1
1475,2008-10-13 11:27:00,0,test,0.17431434172552593,0,0,0,0,0,1
1476,2008-10-13 12:18:00,0,test,0.18593007716920762,0,0,1,0,0,1
1477,2008-10-13 14:06:00,0,test,0.13922949228191162,0,0,0,0,0,1
1478,2008-10-13 14:29:00,0,test,0.11623502060253726,0,0,0,0,0,1
1479,2008-10-13 14:30:00,0,test,0.16781222943722945,0,0,0,0,0,1
1480,2008-10-13 14:55:00,0,test,0.14068714533548296,0,0,0,0,0,1
1481,2008-10-13 15:42:00,0,test,0.17150277786032939,0,0,0,0,0,1
1482,2008-10-13 15:42:00,0,test,0.20734176833751644,0,1,1,1,0,1
1483,2008-10-13 16:13:00,0,test,0.082237803862803868,0,0,0,0,0,1
1484,2008-10-13 19:17:00,0,test,0.12197249278499278,0,0,0,0,0,1
1485,2008-10-13 19:36:00,0,test,0.18332073952449338,0,0,0,0,0,1
1486,2008-10-13 19:40:00,0,test,0.11388081786611196,0,0,0,0,0,1
1487,2008-10-13 20:10:00,0,test,0.16233355900635313,0,0,0,0,0,1
1488,2008-10-13 20:30:00,0,test,0.12941339246502287,0,0,0,0,0,1
1489,2008-10-13 20:53:00,0,test,0.27941070229525239,1,1,1,1,0,1
1490,2008-10-13 21:20:00,0,test,0.15329379650277486,0,0,0,0,0,1
1491,2008-10-13 21:47:00,0,test,0.1261916274085392,0,0,0,0,0,1
1492,2008-10-13 21:57:00,0,test,0.12032206884843802,0,0,0,0,0,1
1493,2008-10-13 22:48:00,0,test,0.13705422437040085,0,0,0,0,0,1
1494,2008-10-13 22:54:00,0,test,0.14687265512265513,0,0,0,0,0,1
1495,2008-10-14 00:35:00,0,test,0.1424560169362801,0,0,0,0,0,1
1496,2008-10-14 03:21:00,0,test,0.11758383794568009,0,0,0,0,0,1
1497,2008-10-14 03:28:00,0,test,0.16249824099166205,0,0,0,0,0,1
1498,2008-10-14 03:35:00,0,test,0.1862332154685096,0,0,1,0,0,1
1499,2008-10-14 13:13:00,0,test,0.21853130480630484,1,1,1,1,0,1
1500,2008-10-14 13:16:00,0,test,0.12523412698412698,0,0,0,0,0,1
1501,2008-10-14 14:07:00,0,test,0.10954898573648576,0,0,0,0,0,1
1502,2008-10-14 14:15:00,0,test,0.098481754658385087,0,0,0,0,0,1
1503,2008-10-14 14:43:00,0,test,0.24043573555787173,1,1,1,1,0,1
1504,2008-10-14 17:36:00,0,test,0.12156652192836406,0,0,0,0,0,1
1505,2008-10-14 19:15:00,0,test,0.15046745913400325,0,0,0,0,0,1
1506,2008-10-14 20:01:00,0,test,0.21145437951687954,0,1,1,1,0,1
1507,2008-10-14 20:30:00,0,test,0.19967751692751695,0,1,1,1,0,1
1508,2008-10-14 20:48:00,0,test,0.15819177430637882,0,0,0,0,0,1
1509,2008-10-14 21:36:00,0,test,0.14173199090188254,0,0,0,0,0,1
1510,2008-10-14 23:07:00,0,test,0.1345306056280321,0,0,0,0,0,1
1511,2008-10-15 00:03:00,0,test,0.18766751119724265,0,0,1,0,0,1
1512,2008-10-15 00:27:00,0,test,0.12185951201576202,0,0,0,0,0,1
1513,2008-10-15 00:47:00,0,test,0.27250896176263822,1,1,1,1,0,1
1514,2008-10-15 01:52:00,0,test,0.13489352600014368,0,0,0,0,0,1
1515,2008-10-15 01:52:00,0,test,0.24296079400139503,1,1,1,1,0,1
1516,2008-10-15 01:52:00,0,test,0.14038869055780823,0,0,0,0,0,1
1517,2008-10-15 02:40:00,0,test,0.12199303871746327,0,0,0,0,0,1
1518,2008-10-15 02:40:00,0,test,0.15575148340221867,0,0,0,0,0,1
1519,2008-10-15 02:42:00,1,test,0.17720193057693059,0,0,0,0,0,1
1520,2008-10-15 03:24:00,0,test,0.22855722240435855,1,1,1,1,0,1
1521,2008-10-15 04:08:00,0,test,0.13615344173800056,0,0,0,0,0,1
1522,2008-10-15 05:13:00,0,test,0.17133193277310924,0,0,0,0,0,1
1523,2008-10-15 05:16:00,0,test,0.14890139751552797,0,0,0,0,0,1
1524,2008-10-15 06:49:00,0,test,0.15442142579642584,0,0,0,0,0,1
1525,2008-10-15 07:36:00,0,test,0.12610703427007774,0,0,0,0,0,1
1526,2008-10-15 07:55:00,0,test,0.10655285455285457,0,0,0,0,0,1
1527,2008-10-15 08:21:00,0,test,0.19011008191155249,0,0,1,1,0,1
1528,2008-10-15 09:11:00,0,test,0.14883281543335891,0,0,0,0,0,1
1529,2008-10-15 10:00:00,0,test,0.12960059385059383,0,0,0,0,0,1
1530,2008-10-15 12:53:00,0,test,0.21630388728918137,0,1,1,1,0,1
1531,2008-10-15 13:14:00,0,test,0.14742290464165467,0,0,0,0,0,1
1532,2008-10-15 13:16:00,0,test,0.13765925536881418,0,0,0,0,0,1
1533,2008-10-15 14:08:00,0,test,0.14662729713097364,0,0,0,0,0,1
1534,2008-10-15 15:11:00,0,test,0.1192829715219421,0,0,0,0,0,1
1535,2008-10-15 16:24:00,0,test,0.14633493589743587,0,0,0,0,0,1
1536,2008-10-15 17:19:00,0,test,0.14117312630180281,0,0,0,0,0,1
1537,2008-10-15 18:16:00,0,test,0.1178897537647538,0,0,0,0,0,1
1538,2008-10-15 19:15:00,0,test,0.16414383236825691,0,0,0,0,0,1
1539,2008-10-15 19:24:00,0,test,0.17784709160571224,0,0,0,0,0,1
1540,2008-10-15 21:44:00,0,test,0.17436770979801672,0,0,0,0,0,1
1541,2008-10-15 22:45:00,0,test,0.11838312637654744,0,0,0,0,0,1
1542,2008-10-15 22:54:00,0,test,0.20172057620741829,0,1,1,1,0,1
1543,2008-10-15 23:00:00,0,test,0.15209334415584416,0,0,0,0,0,1
1544,2008-10-15 23:45:00,0,test,0.19417521653183414,0,0,1,1,0,1
1545,2008-10-16 02:16:00,0,test,0.14724567099567101,0,0,0,0,0,1
1546,2008-10-16 02:16:00,0,test,0.13467762792762794,0,0,0,0,0,1
1547,2008-10-16 02:17:00,0,test,0.14390073815073814,0,0,0,0,0,1
1548,2008-10-16 02:22:00,0,test,0.14388335738335736,0,0,0,0,0,1
1549,2008-10-16 02:55:00,0,test,0.13510165202444616,0,0,0,0,0,1
1550,2008-10-16 03:56:00,0,test,0.17860943168439969,0,0,0,0,0,1
1551,2008-10-16 04:02:00,0,test,0.11753001165501166,0,0,0,0,0,1
1552,2008-10-16 04:02:00,0,test,0.099818043884220359,0,0,0,0,0,1
1553,2008-10-16 04:04:00,0,test,0.1091444943944944,0,0,0,0,0,1
1554,2008-10-16 04:47:00,0,test,0.1015892857142857,0,0,0,0,0,1
1555,2008-10-16 04:50:00,0,test,0.21108067300346711,0,1,1,1,0,1
1556,2008-10-16 04:54:00,0,test,0.071345699643493771,0,0,0,0,0,1
1557,2008-10-16 05:08:00,0,test,0.13366285103785105,0,0,0,0,0,1
1558,2008-10-16 05:13:00,0,test,0.12046360988400631,0,0,0,0,0,1
1559,2008-10-16 05:44:00,0,test,0.11811365973208078,0,0,0,0,0,1
1560,2008-10-16 05:58:00,0,test,0.14495693277310925,0,0,0,0,0,1
1561,2008-10-16 15:02:00,0,test,0.17224702380952384,0,0,0,0,0,1
1562,2008-10-16 15:13:00,0,test,0.15936650155400156,0,0,0,0,0,1
1563,2008-10-16 20:49:00,0,test,0.18493125371360666,0,0,1,0,0,1
1564,2008-10-17 05:26:00,0,test,0.13837175324675324,0,0,0,0,0,1
1565,2008-10-17 06:01:00,0,test,0.23384292790542791,1,1,1,1,0,1
1566,2008-10-17 06:07:00,0,test,0.18569903095270743,0,0,1,0,0,1
