row_id,timestamp,fail,split
0,2008-07-19 11:55:00,0,train
1,2008-07-19 12:32:00,0,train
2,2008-07-19 13:17:00,1,train
3,2008-07-19 14:43:00,0,train
4,2008-07-19 15:22:00,0,train
5,2008-07-19 17:53:00,0,train
6,2008-07-19 19:44:00,0,train
7,2008-07-19 19:45:00,0,train
8,2008-07-19 20:24:00,0,train
9,2008-07-19 21:35:00,0,train
10,2008-07-19 21:57:00,1,train
11,2008-07-19 22:52:00,1,train
12,2008-07-20 03:35:00,0,train
13,2008-07-21 08:21:00,0,train
14,2008-07-21 11:53:00,1,train
15,2008-07-22 00:03:00,0,train
16,2008-07-22 02:59:00,0,train
17,2008-07-22 08:41:00,0,train
18,2008-07-22 11:47:00,0,train
19,2008-07-22 14:00:00,0,train
20,2008-07-22 15:30:00,0,train
21,2008-07-23 05:15:00,0,train
22,2008-07-23 19:22:00,0,train
23,2008-07-25 15:23:00,1,train
24,2008-07-27 04:18:00,0,train
25,2008-07-27 09:37:00,0,train
26,2008-07-27 11:10:00,0,train
27,2008-07-27 15:46:00,0,train
28,2008-07-27 16:06:00,0,train
29,2008-07-27 16:49:00,0,train
30,2008-07-27 20:24:00,0,train
31,2008-07-27 22:28:00,0,train
32,2008-07-27 22:28:00,0,train
33,2008-07-27 23:14:00,0,train
34,2008-07-28 03:31:00,0,train
35,2008-07-28 03:48:00,0,train
36,2008-07-28 04:37:00,0,train
37,2008-07-28 05:36:00,0,train
38,2008-07-28 06:45:00,1,train
39,2008-07-28 08:36:00,0,train
40,2008-07-28 15:11:00,1,train
41,2008-07-28 23:57:00,0,train
42,2008-07-29 04:08:00,0,train
43,2008-07-29 05:16:00,0,train
44,2008-07-29 06:19:00,0,train
45,2008-07-29 08:23:00,1,train
46,2008-07-29 11:47:00,0,train
47,2008-07-29 15:41:00,0,train
48,2008-07-29 15:49:00,1,train
49,2008-07-29 17:05:00,1,train
50,2008-07-29 18:08:00,1,train
51,2008-07-29 21:07:00,0,train
52,2008-07-29 23:14:00,0,train
53,2008-07-29 23:19:00,0,train
54,2008-07-30 06:30:00,0,train
55,2008-07-30 07:08:00,0,train
56,2008-07-30 12:02:00,0,train
57,2008-07-30 12:29:00,1,train
58,2008-07-30 21:16:00,1,train
59,2008-07-31 13:57:00,0,train
60,2008-07-31 15:36:00,0,train
61,2008-07-31 17:07:00,0,train
62,2008-07-31 20:18:00,1,train
63,2008-08-01 02:02:00,0,train
64,2008-08-01 05:52:00,1,train
65,2008-08-01 10:20:00,0,train
66,2008-08-01 10:26:00,0,train
67,2008-08-01 11:28:00,0,train
68,2008-08-01 12:29:00,0,train
69,2008-08-01 14:07:00,0,train
70,2008-08-01 15:10:00,0,train
71,2008-08-02 03:39:00,0,train
72,2008-08-03 13:09:00,0,train
73,2008-08-03 14:06:00,0,train
74,2008-08-03 14:25:00,0,train
75,2008-08-03 15:03:00,0,train
76,2008-08-03 15:27:00,0,train
77,2008-08-03 16:00:00,0,train
78,2008-08-03 17:00:00,0,train
79,2008-08-03 17:58:00,0,train
80,2008-08-03 20:23:00,0,train
81,2008-08-03 22:52:00,0,train
82,2008-08-04 00:39:00,1,train
83,2008-08-04 03:45:00,0,train
84,2008-08-04 03:49:00,0,train
85,2008-08-04 13:19:00,0,train
86,2008-08-04 14:04:00,0,train
87,2008-08-04 14:31:00,0,train
88,2008-08-04 15:29:00,0,train
89,2008-08-04 16:15:00,0,train
90,2008-08-04 16:31:00,0,train
91,2008-08-04 17:11:00,0,train
92,2008-08-04 17:46:00,0,train
93,2008-08-04 18:24:00,0,train
94,2008-08-04 19:58:00,0,train
95,2008-08-04 20:32:00,0,train
96,2008-08-04 20:58:00,1,train
97,2008-08-04 21:43:00,0,train
98,2008-08-04 22:51:00,0,train
99,2008-08-04 23:33:00,0,train
100,2008-08-05 00:04:00,0,train
101,2008-08-05 01:12:00,0,train
102,2008-08-05 02:15:00,0,train
103,2008-08-05 02:36:00,0,train
104,2008-08-05 02:45:00,0,train
105,2008-08-05 03:17:00,0,train
106,2008-08-05 03:36:00,0,train
107,2008-08-05 03:54:00,0,train
108,2008-08-05 04:32:00,0,train
109,2008-08-05 04:35:00,0,train
110,2008-08-05 05:11:00,0,train
111,2008-08-05 06:10:00,0,train
112,2008-08-05 06:11:00,0,train
113,2008-08-05 06:21:00,0,train
114,2008-08-05 07:12:00,0,train
115,2008-08-05 07:12:00,1,train
116,2008-08-05 07:48:00,0,train
117,2008-08-05 08:50:00,0,train
118,2008-08-05 09:48:00,0,train
119,2008-08-05 14:17:00,0,train
120,2008-08-05 14:45:00,0,train
121,2008-08-05 15:45:00,0,train
122,2008-08-05 20:04:00,0,train
123,2008-08-05 21:07:00,0,train
124,2008-08-05 21:22:00,0,train
125,2008-08-05 23:02:00,0,train
126,2008-08-05 23:06:00,0,train
127,2008-08-05 23:38:00,0,train
128,2008-08-06 00:04:00,0,train
129,2008-08-06 02:20:00,0,train
130,2008-08-06 03:22:00,0,train
131,2008-08-06 05:40:00,1,train
132,2008-08-06 09:56:00,0,train
133,2008-08-06 09:57:00,0,train
134,2008-08-06 12:33:00,0,train
135,2008-08-06 13:35:00,0,train
136,2008-08-06 17:35:00,0,train
137,2008-08-06 18:00:00,0,train
138,2008-08-06 18:34:00,0,train
139,2008-08-06 19:13:00,0,train
140,2008-08-06 19:24:00,0,train
141,2008-08-06 20:00:00,0,train
142,2008-08-06 20:17:00,0,train
143,2008-08-06 21:15:00,0,train
144,2008-08-06 22:27:00,0,train
145,2008-08-06 23:40:00,0,train
146,2008-08-06 23:45:00,0,train
147,2008-08-07 00:51:00,0,train
148,2008-08-07 07:30:00,0,train
149,2008-08-07 08:21:00,0,train
150,2008-08-07 08:45:00,0,train
151,2008-08-07 08:55:00,0,train
152,2008-08-07 10:12:00,0,train
153,2008-08-07 11:10:00,0,train
154,2008-08-07 11:40:00,1,train
155,2008-08-08 04:55:00,0,train
156,2008-08-08 07:26:00,0,train
157,2008-08-08 08:44:00,1,train
158,2008-08-08 12:37:00,1,train
159,2008-08-08 20:21:00,0,train
160,2008-08-08 21:22:00,0,train
161,2008-08-08 21:53:00,0,train
162,2008-08-08 22:06:00,0,train
163,2008-08-08 22:25:00,0,train
164,2008-08-09 02:15:00,0,train
165,2008-08-09 02:37:00,0,train
166,2008-08-09 06:05:00,0,train
167,2008-08-09 09:16:00,1,train
168,2008-08-09 09:22:00,0,train
169,2008-08-09 11:42:00,1,train
170,2008-08-09 17:34:00,0,train
171,2008-08-09 19:03:00,0,train
172,2008-08-09 20:04:00,0,train
173,2008-08-09 21:07:00,0,train
174,2008-08-09 22:15:00,0,train
175,2008-08-09 22:37:00,0,train
176,2008-08-09 23:17:00,0,train
177,2008-08-09 23:34:00,0,train
178,2008-08-10 00:09:00,0,train
179,2008-08-10 00:46:00,0,train
180,2008-08-10 06:00:00,1,train
181,2008-08-10 06:41:00,0,train
182,2008-08-10 07:01:00,1,train
183,2008-08-10 11:16:00,0,train
184,2008-08-10 11:49:00,0,train
185,2008-08-10 12:22:00,0,train
186,2008-08-10 15:59:00,1,train
187,2008-08-10 19:07:00,0,train
188,2008-08-10 20:07:00,1,train
189,2008-08-10 22:26:00,1,train
190,2008-08-11 03:06:00,0,train
191,2008-08-11 04:09:00,0,train
192,2008-08-11 05:15:00,0,train
193,2008-08-11 11:35:00,0,train
194,2008-08-11 12:38:00,0,train
195,2008-08-12 04:23:00,0,train
196,2008-08-12 06:16:00,0,train
197,2008-08-12 10:54:00,0,train
198,2008-08-12 11:29:00,0,train
199,2008-08-12 12:04:00,0,train
200,2008-08-13 02:48:00,0,train
201,2008-08-15 03:26:00,0,train
202,2008-08-15 04:14:00,0,train
203,2008-08-15 05:13:00,0,train
204,2008-08-15 09:38:00,0,train
205,2008-08-15 10:14:00,0,train
206,2008-08-15 11:42:00,0,train
207,2008-08-15 18:19:00,0,train
208,2008-08-15 19:19:00,0,train
209,2008-08-15 20:00:00,0,train
210,2008-08-15 20:03:00,0,train
211,2008-08-15 23:31:00,0,train
212,2008-08-16 02:21:00,0,train
213,2008-08-16 05:47:00,0,train
214,2008-08-16 06:52:00,0,train
215,2008-08-16 07:33:00,0,train
216,2008-08-16 08:39:00,0,train
217,2008-08-16 08:41:00,0,train
218,2008-08-16 09:44:00,1,train
219,2008-08-16 13:51:00,0,train
220,2008-08-16 14:30:00,0,train
221,2008-08-16 15:16:00,0,train
222,2008-08-16 15:19:00,1,train
223,2008-08-16 23:48:00,0,train
224,2008-08-17 00:52:00,0,train
225,2008-08-17 01:53:00,0,train
226,2008-08-17 03:17:00,0,train
227,2008-08-17 03:18:00,0,train
228,2008-08-17 03:46:00,0,train
229,2008-08-17 04:19:00,0,train
230,2008-08-17 05:21:00,0,train
231,2008-08-17 12:16:00,1,train
232,2008-08-17 13:34:00,0,train
233,2008-08-17 14:21:00,0,train
234,2008-08-17 15:25:00,0,train
235,2008-08-17 21:26:00,1,train
236,2008-08-17 22:03:00,1,train
237,2008-08-17 22:21:00,0,train
238,2008-08-17 23:04:00,1,train
239,2008-08-17 23:20:00,0,train
240,2008-08-17 23:55:00,1,train
241,2008-08-18 00:02:00,1,train
242,2008-08-18 00:20:00,0,train
243,2008-08-18 01:23:00,1,train
244,2008-08-18 04:01:00,1,train
245,2008-08-18 04:12:00,0,train
246,2008-08-18 04:35:00,0,train
247,2008-08-18 05:03:00,0,train
248,2008-08-18 05:25:00,0,train
249,2008-08-18 06:07:00,0,train
250,2008-08-18 06:11:00,0,train
251,2008-08-18 06:26:00,0,train
252,2008-08-18 07:11:00,0,train
253,2008-08-18 07:23:00,0,train
254,2008-08-18 07:29:00,0,train
255,2008-08-18 08:18:00,0,train
256,2008-08-18 08:31:00,0,train
257,2008-08-18 10:13:00,0,train
258,2008-08-18 11:04:00,0,train
259,2008-08-18 12:00:00,0,train
260,2008-08-18 12:06:00,0,train
261,2008-08-18 12:22:00,0,train
262,2008-08-18 12:49:00,0,train
263,2008-08-18 13:07:00,0,train
264,2008-08-18 14:01:00,0,train
265,2008-08-18 14:04:00,0,train
266,2008-08-18 14:45:00,0,train
267,2008-08-18 15:00:00,0,train
268,2008-08-18 15:26:00,0,train
269,2008-08-18 15:30:00,0,train
270,2008-08-18 15:33:00,0,train
271,2008-08-18 15:41:00,0,train
272,2008-08-18 16:19:00,0,train
273,2008-08-18 17:13:00,1,train
274,2008-08-18 17:16:00,0,train
275,2008-08-18 17:37:00,0,train
276,2008-08-18 19:24:00,0,train
277,2008-08-18 19:54:00,1,train
278,2008-08-18 23:00:00,0,train
279,2008-08-18 23:03:00,0,train
280,2008-08-18 23:47:00,0,train
281,2008-08-19 01:10:00,0,train
282,2008-08-19 03:59:00,1,train
283,2008-08-19 04:58:00,0,train
284,2008-08-19 05:09:00,0,train
285,2008-08-19 05:11:00,0,train
286,2008-08-19 05:11:00,0,train
287,2008-08-19 05:40:00,0,train
288,2008-08-19 05:41:00,0,train
289,2008-08-19 05:53:00,0,train
290,2008-08-19 05:54:00,0,train
291,2008-08-19 05:56:00,1,train
292,2008-08-19 06:24:00,0,train
293,2008-08-19 07:43:00,0,train
294,2008-08-19 07:58:00,1,train
295,2008-08-19 08:01:00,0,train
296,2008-08-19 08:07:00,0,train
297,2008-08-19 08:33:00,0,train
298,2008-08-19 09:04:00,0,train
299,2008-08-19 09:05:00,0,train
300,2008-08-19 10:46:00,0,train
301,2008-08-19 11:11:00,0,train
302,2008-08-19 11:13:00,0,train
303,2008-08-19 11:13:00,0,train
304,2008-08-19 11:28:00,0,train
305,2008-08-19 11:44:00,0,train
306,2008-08-19 11:46:00,0,train
307,2008-08-19 11:57:00,0,train
308,2008-08-19 11:58:00,0,train
309,2008-08-19 12:30:00,0,train
310,2008-08-19 15:33:00,0,train
311,2008-08-19 18:12:00,0,train
312,2008-08-19 18:12:00,0,train
313,2008-08-19 18:30:00,0,train
314,2008-08-19 18:30:00,0,train
315,2008-08-19 19:38:00,0,train
316,2008-08-19 20:53:00,0,train
317,2008-08-20 00:05:00,0,train
318,2008-08-20 01:33:00,0,train
319,2008-08-20 01:42:00,0,train
320,2008-08-20 02:13:00,0,train
321,2008-08-20 02:27:00,1,train
322,2008-08-20 03:00:00,0,train
323,2008-08-20 03:12:00,1,train
324,2008-08-20 06:36:00,0,train
325,2008-08-20 07:12:00,0,train
326,2008-08-20 08:40:00,1,train
327,2008-08-20 09:17:00,1,train
328,2008-08-20 10:26:00,0,train
329,2008-08-20 16:08:00,0,train
330,2008-08-20 16:16:00,0,train
331,2008-08-20 17:09:00,0,train
332,2008-08-20 17:35:00,0,train
333,2008-08-20 17:36:00,0,train
334,2008-08-20 18:29:00,0,train
335,2008-08-20 18:35:00,0,train
336,2008-08-20 19:20:00,1,train
337,2008-08-20 20:19:00,0,train
338,2008-08-20 21:33:00,0,train
339,2008-08-20 21:41:00,0,train
340,2008-08-20 21:58:00,0,train
341,2008-08-20 22:13:00,0,train
342,2008-08-20 22:45:00,0,train
343,2008-08-20 23:18:00,0,train
344,2008-08-20 23:43:00,1,train
345,2008-08-21 02:11:00,0,train
346,2008-08-21 02:46:00,0,train
347,2008-08-21 04:22:00,0,train
348,2008-08-21 04:29:00,0,train
349,2008-08-21 05:06:00,0,train
350,2008-08-21 05:15:00,0,train
351,2008-08-21 06:10:00,1,train
352,2008-08-21 11:22:00,0,train
353,2008-08-21 12:00:00,0,train
354,2008-08-21 12:31:00,0,train
355,2008-08-21 12:33:00,0,train
356,2008-08-21 12:43:00,0,train
357,2008-08-21 12:52:00,0,train
358,2008-08-21 13:11:00,0,train
359,2008-08-21 13:19:00,0,train
360,2008-08-21 13:29:00,0,train
361,2008-08-21 13:45:00,0,train
362,2008-08-21 14:47:00,0,train
363,2008-08-21 15:05:00,0,train
364,2008-08-21 15:06:00,0,train
365,2008-08-21 15:32:00,0,train
366,2008-08-21 15:48:00,0,train
367,2008-08-21 15:50:00,0,train
368,2008-08-21 16:19:00,1,train
369,2008-08-21 16:36:00,0,train
370,2008-08-21 17:25:00,0,train
371,2008-08-21 17:44:00,0,train
372,2008-08-21 18:04:00,0,train
373,2008-08-21 18:05:00,1,train
374,2008-08-21 18:39:00,0,train
375,2008-08-21 18:53:00,0,train
376,2008-08-21 19:12:00,0,train
377,2008-08-21 19:12:00,0,train
378,2008-08-21 19:46:00,0,train
379,2008-08-21 20:19:00,0,train
380,2008-08-21 20:21:00,0,train
381,2008-08-21 20:37:00,0,train
382,2008-08-21 21:32:00,0,train
383,2008-08-21 22:25:00,0,train
384,2008-08-21 22:41:00,0,train
385,2008-08-21 23:08:00,0,train
386,2008-08-21 23:27:00,0,train
387,2008-08-21 23:53:00,0,train
388,2008-08-21 23:57:00,0,train
389,2008-08-22 00:43:00,0,train
390,2008-08-22 00:44:00,0,train
391,2008-08-22 00:47:00,0,train
392,2008-08-22 01:04:00,1,train
393,2008-08-22 01:26:00,0,train
394,2008-08-22 01:27:00,0,train
395,2008-08-22 01:54:00,0,train
396,2008-08-22 02:01:00,0,train
397,2008-08-22 02:25:00,0,train
398,2008-08-22 02:52:00,0,train
399,2008-08-22 03:18:00,0,train
400,2008-08-22 03:58:00,0,train
401,2008-08-22 04:40:00,0,train
402,2008-08-22 04:57:00,0,train
403,2008-08-22 05:21:00,0,train
404,2008-08-22 05:31:00,0,train
405,2008-08-22 05:32:00,0,train
406,2008-08-22 06:00:00,1,train
407,2008-08-22 07:04:00,0,train
408,2008-08-22 07:17:00,0,train
409,2008-08-22 07:27:00,0,train
410,2008-08-22 09:29:00,0,train
411,2008-08-22 09:29:00,0,train
412,2008-08-22 10:01:00,0,train
413,2008-08-22 10:18:00,0,train
414,2008-08-22 10:47:00,0,train
415,2008-08-22 11:32:00,0,train
416,2008-08-22 12:13:00,0,train
417,2008-08-22 12:37:00,0,train
418,2008-08-22 12:42:00,0,train
419,2008-08-22 13:22:00,0,train
420,2008-08-22 14:45:00,0,train
421,2008-08-22 15:25:00,0,train
422,2008-08-22 15:39:00,0,train
423,2008-08-22 15:54:00,0,train
424,2008-08-22 19:14:00,1,train
425,2008-08-22 23:46:00,0,train
426,2008-08-22 23:47:00,0,train
427,2008-08-22 23:49:00,0,train
428,2008-08-22 23:56:00,0,train
429,2008-08-23 02:04:00,0,train
430,2008-08-23 03:26:00,0,train
431,2008-08-23 04:50:00,0,train
432,2008-08-23 04:52:00,0,train
433,2008-08-23 05:57:00,0,train
434,2008-08-23 05:57:00,0,train
435,2008-08-23 05:58:00,0,train
436,2008-08-23 05:58:00,0,train
437,2008-08-23 09:24:00,0,train
438,2008-08-23 12:58:00,0,train
439,2008-08-23 13:02:00,0,train
440,2008-08-23 15:10:00,0,train
441,2008-08-23 15:29:00,1,train
442,2008-08-24 02:32:00,0,train
443,2008-08-24 04:00:00,0,train
444,2008-08-24 07:12:00,0,train
445,2008-08-24 07:14:00,0,train
446,2008-08-24 10:09:00,0,train
447,2008-08-24 10:14:00,0,train
448,2008-08-24 13:03:00,1,train
449,2008-08-25 09:29:00,0,train
450,2008-08-27 00:46:00,0,train
451,2008-08-27 11:38:00,0,train
452,2008-08-27 12:22:00,0,train
453,2008-08-27 13:35:00,0,train
454,2008-08-27 14:18:00,0,train
455,2008-08-27 17:14:00,0,train
456,2008-08-27 22:48:00,0,train
457,2008-08-27 22:58:00,0,train
458,2008-08-28 03:03:00,0,train
459,2008-08-28 03:04:00,0,train
460,2008-08-28 03:29:00,0,train
461,2008-08-28 03:38:00,0,train
462,2008-08-28 03:45:00,0,train
463,2008-08-28 04:10:00,0,train
464,2008-08-28 04:20:00,0,train
465,2008-08-28 04:54:00,0,train
466,2008-08-28 05:00:00,0,train
467,2008-08-28 06:15:00,0,train
468,2008-08-28 06:39:00,0,train
469,2008-08-28 06:56:00,0,train
470,2008-08-28 07:40:00,0,train
471,2008-08-28 07:51:00,0,train
472,2008-08-28 08:41:00,0,train
473,2008-08-28 09:46:00,0,train
474,2008-08-28 09:49:00,0,train
475,2008-08-28 10:15:00,0,train
476,2008-08-28 10:28:00,0,train
477,2008-08-28 10:32:00,0,train
478,2008-08-28 11:19:00,0,train
479,2008-08-28 12:44:00,0,train
480,2008-08-28 14:48:00,0,train
481,2008-08-28 15:19:00,0,train
482,2008-08-28 16:01:00,0,train
483,2008-08-28 16:43:00,0,train
484,2008-08-28 16:52:00,0,train
485,2008-08-28 17:21:00,0,train
486,2008-08-28 17:27:00,0,train
487,2008-08-28 17:32:00,0,train
488,2008-08-28 18:05:00,0,train
489,2008-08-28 18:10:00,0,train
490,2008-08-28 18:15:00,0,train
491,2008-08-28 18:25:00,0,train
492,2008-08-28 18:47:00,0,train
493,2008-08-28 18:57:00,0,train
494,2008-08-28 20:20:00,0,train
495,2008-08-28 20:39:00,1,train
496,2008-08-28 21:03:00,0,train
497,2008-08-28 21:52:00,0,train
498,2008-08-28 22:57:00,0,train
499,2008-08-28 23:40:00,0,train
500,2008-08-28 23:42:00,0,train
501,2008-08-29 00:49:00,0,train
502,2008-08-29 01:06:00,0,train
503,2008-08-29 02:38:00,0,train
504,2008-08-29 02:39:00,0,train
505,2008-08-29 03:27:00,0,train
506,2008-08-29 03:33:00,0,train
507,2008-08-29 03:46:00,0,train
508,2008-08-29 04:55:00,1,train
509,2008-08-29 04:56:00,0,train
510,2008-08-29 05:16:00,0,train
511,2008-08-29 05:54:00,0,train
512,2008-08-29 05:54:00,0,train
513,2008-08-29 05:57:00,0,train
514,2008-08-29 05:57:00,0,train
515,2008-08-29 06:35:00,0,train
516,2008-08-29 06:37:00,0,train
517,2008-08-29 06:40:00,0,train
518,2008-08-29 06:45:00,1,train
519,2008-08-29 06:54:00,0,train
520,2008-08-29 07:18:00,0,train
521,2008-08-29 07:22:00,0,train
522,2008-08-29 07:24:00,0,train
523,2008-08-29 07:33:00,0,train
524,2008-08-29 07:33:00,0,train
525,2008-08-29 08:10:00,0,train
526,2008-08-29 08:20:00,0,train
527,2008-08-29 08:41:00,0,train
528,2008-08-29 08:45:00,0,train
529,2008-08-29 12:21:00,0,train
530,2008-08-29 12:22:00,0,train
531,2008-08-29 12:37:00,0,train
532,2008-08-29 13:04:00,0,train
533,2008-08-29 13:14:00,0,train
534,2008-08-29 13:27:00,0,train
535,2008-08-29 13:49:00,0,train
536,2008-08-29 14:11:00,0,train
537,2008-08-29 14:18:00,0,train
538,2008-08-29 14:30:00,0,train
539,2008-08-29 15:01:00,0,train
540,2008-08-29 15:43:00,0,train
541,2008-08-29 16:26:00,0,train
542,2008-08-29 20:21:00,0,train
543,2008-08-29 20:49:00,0,train
544,2008-08-29 21:25:00,0,train
545,2008-08-29 21:46:00,0,train
546,2008-08-29 21:54:00,0,train
547,2008-08-29 22:11:00,0,train
548,2008-08-29 22:45:00,0,train
549,2008-08-29 22:49:00,0,train
550,2008-08-29 22:56:00,0,train
551,2008-08-30 00:01:00,0,train
552,2008-08-30 00:05:00,0,train
553,2008-08-30 00:57:00,0,train
554,2008-08-30 01:29:00,0,train
555,2008-08-30 02:08:00,0,train
556,2008-08-30 02:22:00,0,train
557,2008-08-30 02:32:00,0,train
558,2008-08-30 02:39:00,0,train
559,2008-08-30 02:50:00,0,train
560,2008-08-30 03:10:00,0,train
561,2008-08-30 04:20:00,0,train
562,2008-08-30 04:24:00,0,train
563,2008-08-30 04:55:00,0,train
564,2008-08-30 05:05:00,0,train
565,2008-08-30 05:05:00,0,train
566,2008-08-30 05:38:00,0,train
567,2008-08-30 05:51:00,0,train
568,2008-08-30 07:50:00,0,train
569,2008-08-30 07:54:00,0,train
570,2008-08-30 08:10:00,0,train
571,2008-08-30 08:29:00,0,train
572,2008-08-30 08:42:00,0,train
573,2008-08-30 08:53:00,0,train
574,2008-08-30 09:13:00,0,train
575,2008-08-30 09:37:00,0,train
576,2008-08-30 09:45:00,1,train
577,2008-08-30 10:15:00,0,train
578,2008-08-30 10:16:00,0,train
579,2008-08-30 11:12:00,0,train
580,2008-08-30 11:14:00,0,train
581,2008-08-30 11:18:00,0,train
582,2008-08-30 11:57:00,0,train
583,2008-08-30 14:10:00,1,train
584,2008-08-30 14:23:00,0,train
585,2008-08-30 14:37:00,0,train
586,2008-08-30 15:06:00,0,train
587,2008-08-30 15:16:00,0,train
588,2008-08-30 15:37:00,0,train
589,2008-08-30 15:50:00,0,train
590,2008-08-30 15:57:00,0,train
591,2008-08-30 16:24:00,0,train
592,2008-08-30 17:05:00,0,train
593,2008-08-30 17:49:00,0,train
594,2008-08-30 19:21:00,0,train
595,2008-08-30 19:27:00,0,train
596,2008-08-30 20:11:00,0,train
597,2008-08-30 20:53:00,0,train
598,2008-08-30 21:53:00,0,train
599,2008-08-30 23:51:00,0,train
600,2008-08-31 02:57:00,0,train
601,2008-08-31 04:46:00,1,train
602,2008-08-31 05:05:00,0,train
603,2008-08-31 09:11:00,0,train
604,2008-08-31 10:36:00,0,train
605,2008-08-31 10:59:00,1,train
606,2008-08-31 10:59:00,0,train
607,2008-08-31 11:03:00,0,train
608,2008-08-31 15:09:00,0,train
609,2008-08-31 15:13:00,0,train
610,2008-08-31 16:32:00,0,train
611,2008-08-31 20:24:00,0,train
612,2008-08-31 21:04:00,0,train
613,2008-08-31 21:46:00,0,train
614,2008-08-31 21:58:00,0,train
615,2008-08-31 22:32:00,0,train
616,2008-08-31 22:48:00,0,train
617,2008-08-31 22:57:00,0,train
618,2008-09-01 00:01:00,0,train
619,2008-09-01 00:39:00,0,train
620,2008-09-01 00:45:00,0,train
621,2008-09-01 00:53:00,0,train
622,2008-09-01 05:29:00,0,train
623,2008-09-01 05:32:00,0,train
624,2008-09-01 06:12:00,0,train
625,2008-09-01 06:21:00,0,train
626,2008-09-01 06:52:00,0,train
627,2008-09-01 08:18:00,0,train
628,2008-09-01 09:06:00,0,train
629,2008-09-01 09:19:00,0,train
630,2008-09-01 09:54:00,0,train
631,2008-09-01 10:57:00,0,train
632,2008-09-01 11:40:00,0,train
633,2008-09-01 16:20:00,0,train
634,2008-09-01 19:54:00,1,train
635,2008-09-01 20:51:00,0,train
636,2008-09-01 22:05:00,0,train
637,2008-09-01 23:05:00,0,train
638,2008-09-01 23:19:00,0,train
639,2008-09-01 23:24:00,0,train
640,2008-09-01 23:28:00,0,train
641,2008-09-01 23:39:00,0,train
642,2008-09-01 23:45:00,0,train
643,2008-09-01 23:59:00,0,train
644,2008-09-02 00:26:00,0,train
645,2008-09-02 00:31:00,0,train
646,2008-09-02 00:46:00,0,train
647,2008-09-02 01:09:00,0,train
648,2008-09-02 01:10:00,0,train
649,2008-09-02 01:10:00,0,train
650,2008-09-02 01:36:00,0,train
651,2008-09-02 01:50:00,0,train
652,2008-09-02 02:02:00,0,train
653,2008-09-02 02:11:00,0,train
654,2008-09-02 02:50:00,0,train
655,2008-09-02 02:52:00,0,train
656,2008-09-02 03:33:00,0,train
657,2008-09-02 03:35:00,0,train
658,2008-09-02 03:35:00,0,train
659,2008-09-02 04:19:00,0,train
660,2008-09-02 04:22:00,0,train
661,2008-09-02 05:46:00,0,train
662,2008-09-02 06:03:00,0,train
663,2008-09-02 06:19:00,0,train
664,2008-09-02 06:32:00,0,train
665,2008-09-02 06:48:00,0,train
666,2008-09-02 07:22:00,0,train
667,2008-09-02 07:32:00,0,train
668,2008-09-02 08:15:00,0,train
669,2008-09-02 08:54:00,0,train
670,2008-09-02 09:36:00,0,train
671,2008-09-02 09:37:00,0,train
672,2008-09-02 10:13:00,0,train
673,2008-09-02 10:21:00,0,train
674,2008-09-02 10:25:00,0,train
675,2008-09-02 10:33:00,0,train
676,2008-09-02 11:08:00,0,train
677,2008-09-02 11:22:00,0,train
678,2008-09-02 11:47:00,0,train
679,2008-09-02 11:49:00,0,train
680,2008-09-02 12:01:00,0,train
681,2008-09-02 12:17:00,0,train
682,2008-09-02 12:26:00,0,train
683,2008-09-02 12:30:00,0,train
684,2008-09-02 12:44:00,0,train
685,2008-09-02 13:05:00,0,train
686,2008-09-02 13:08:00,0,train
687,2008-09-02 13:27:00,0,train
688,2008-09-02 13:40:00,0,train
689,2008-09-02 14:09:00,0,train
690,2008-09-02 14:21:00,0,train
691,2008-09-02 14:34:00,0,train
692,2008-09-02 15:29:00,0,train
693,2008-09-02 16:10:00,0,train
694,2008-09-02 16:50:00,0,train
695,2008-09-02 16:54:00,0,train
696,2008-09-02 16:58:00,0,train
697,2008-09-02 17:10:00,0,train
698,2008-09-02 17:18:00,0,train
699,2008-09-02 18:38:00,0,train
700,2008-09-02 18:52:00,0,train
701,2008-09-02 19:18:00,0,train
702,2008-09-02 20:18:00,0,train
703,2008-09-02 20:52:00,0,train
704,2008-09-02 20:58:00,0,train
705,2008-09-02 20:59:00,0,train
706,2008-09-03 00:18:00,0,train
707,2008-09-03 00:45:00,0,train
708,2008-09-03 00:58:00,0,train
709,2008-09-03 01:15:00,1,train
710,2008-09-03 01:32:00,0,train
711,2008-09-03 04:18:00,0,train
712,2008-09-03 06:26:00,0,train
713,2008-09-03 09:38:00,0,train
714,2008-09-03 14:24:00,0,train
715,2008-09-03 14:29:00,0,train
716,2008-09-03 17:22:00,0,train
717,2008-09-03 18:16:00,0,train
718,2008-09-03 18:16:00,0,train
719,2008-09-03 20:00:00,0,train
720,2008-09-03 20:10:00,0,train
721,2008-09-04 08:01:00,0,train
722,2008-09-04 08:22:00,0,train
723,2008-09-04 08:33:00,0,train
724,2008-09-04 08:41:00,0,train
725,2008-09-04 08:53:00,0,train
726,2008-09-04 11:50:00,0,train
727,2008-09-04 14:09:00,0,train
728,2008-09-04 14:11:00,0,train
729,2008-09-04 14:48:00,0,train
730,2008-09-04 16:30:00,0,train
731,2008-09-04 16:41:00,0,train
732,2008-09-04 16:56:00,0,train
733,2008-09-04 17:30:00,0,train
734,2008-09-05 15:30:00,0,train
735,2008-09-05 21:48:00,0,train
736,2008-09-07 00:08:00,0,train
737,2008-09-07 00:12:00,0,train
738,2008-09-07 00:49:00,0,train
739,2008-09-07 10:52:00,0,train
740,2008-09-07 12:04:00,0,train
741,2008-09-07 12:20:00,0,train
742,2008-09-07 13:02:00,0,train
743,2008-09-07 18:02:00,0,train
744,2008-09-07 18:24:00,0,train
745,2008-09-07 18:49:00,0,train
746,2008-09-07 19:29:00,0,train
747,2008-09-07 19:31:00,0,train
748,2008-09-07 20:12:00,0,train
749,2008-09-07 20:50:00,0,train
750,2008-09-07 23:33:00,0,train
751,2008-09-08 00:32:00,0,train
752,2008-09-08 00:40:00,0,train
753,2008-09-08 01:24:00,0,train
754,2008-09-08 03:32:00,0,train
755,2008-09-08 03:48:00,0,train
756,2008-09-08 04:21:00,0,train
757,2008-09-08 06:37:00,0,train
758,2008-09-08 07:14:00,0,train
759,2008-09-08 07:41:00,0,train
760,2008-09-08 18:46:00,0,train
761,2008-09-08 19:14:00,0,train
762,2008-09-08 19:15:00,0,train
763,2008-09-08 19:25:00,0,train
764,2008-09-08 19:33:00,0,train
765,2008-09-08 20:00:00,0,train
766,2008-09-08 21:36:00,0,train
767,2008-09-08 21:53:00,0,train
768,2008-09-08 22:17:00,0,train
769,2008-09-09 00:25:00,0,train
770,2008-09-09 03:53:00,0,train
771,2008-09-09 08:44:00,0,train
772,2008-09-10 07:26:00,0,train
773,2008-09-10 09:21:00,0,train
774,2008-09-10 20:52:00,0,train
775,2008-09-10 20:53:00,0,train
776,2008-09-10 21:56:00,0,train
777,2008-09-10 23:30:00,0,train
778,2008-09-10 23:43:00,0,train
779,2008-09-11 00:17:00,0,train
780,2008-09-11 05:20:00,0,train
781,2008-09-11 06:04:00,0,train
782,2008-09-11 07:43:00,0,train
783,2008-09-11 08:06:00,0,train
784,2008-09-11 08:58:00,0,train
785,2008-09-11 09:24:00,0,train
786,2008-09-11 12:47:00,0,train
787,2008-09-11 13:36:00,0,train
788,2008-09-11 14:20:00,0,train
789,2008-09-11 14:24:00,0,train
790,2008-09-11 14:31:00,0,train
791,2008-09-11 15:05:00,0,train
792,2008-09-11 15:08:00,0,train
793,2008-09-11 16:28:00,0,train
794,2008-09-11 21:13:00,0,train
795,2008-09-11 22:07:00,1,train
796,2008-09-11 23:10:00,0,train
797,2008-09-11 23:48:00,1,train
798,2008-09-12 05:11:00,0,train
799,2008-09-12 05:55:00,0,train
800,2008-09-12 06:38:00,0,train
801,2008-09-12 06:41:00,0,train
802,2008-09-12 06:45:00,0,train
803,2008-09-12 07:21:00,0,train
804,2008-09-12 07:29:00,0,train
805,2008-09-12 07:38:00,0,train
806,2008-09-12 11:57:00,0,train
807,2008-09-12 13:08:00,0,train
808,2008-09-12 14:52:00,0,train
809,2008-09-12 15:40:00,0,train
810,2008-09-12 16:23:00,0,train
811,2008-09-12 18:01:00,0,train
812,2008-09-12 18:52:00,0,train
813,2008-09-12 19:36:00,0,train
814,2008-09-12 20:28:00,0,train
815,2008-09-12 21:12:00,0,train
816,2008-09-12 22:25:00,0,train
817,2008-09-12 22:45:00,0,train
818,2008-09-12 23:28:00,0,train
819,2008-09-12 23:40:00,0,train
820,2008-09-13 00:25:00,0,train
821,2008-09-13 02:57:00,0,train
822,2008-09-13 03:14:00,0,train
823,2008-09-13 09:19:00,0,train
824,2008-09-13 10:55:00,0,train
825,2008-09-13 11:42:00,0,train
826,2008-09-13 11:56:00,1,train
827,2008-09-13 12:48:00,0,train
828,2008-09-13 14:07:00,0,train
829,2008-09-13 16:04:00,0,train
830,2008-09-13 16:04:00,0,train
831,2008-09-13 20:06:00,1,train
832,2008-09-14 02:50:00,0,train
833,2008-09-14 02:59:00,0,train
834,2008-09-14 15:02:00,0,train
835,2008-09-14 15:46:00,0,train
836,2008-09-14 16:34:00,0,train
837,2008-09-14 17:40:00,0,train
838,2008-09-14 18:27:00,0,train
839,2008-09-14 18:27:00,0,train
840,2008-09-14 19:13:00,0,train
841,2008-09-14 20:00:00,0,train
842,2008-09-14 20:43:00,0,train
843,2008-09-14 20:45:00,0,train
844,2008-09-14 21:31:00,0,train
845,2008-09-14 23:00:00,0,train
846,2008-09-15 02:04:00,0,train
847,2008-09-15 10:03:00,0,train
848,2008-09-15 11:40:00,0,train
849,2008-09-15 12:27:00,0,train
850,2008-09-15 16:10:00,0,train
851,2008-09-15 16:59:00,0,train
852,2008-09-15 19:54:00,0,train
853,2008-09-15 21:56:00,0,train
854,2008-09-15 22:13:00,0,train
855,2008-09-15 22:45:00,0,train
856,2008-09-15 22:54:00,0,train
857,2008-09-15 23:37:00,0,train
858,2008-09-16 07:39:00,0,train
859,2008-09-16 07:48:00,0,train
860,2008-09-16 08:50:00,0,train
861,2008-09-16 08:52:00,0,train
862,2008-09-16 09:37:00,0,train
863,2008-09-16 17:07:00,0,train
864,2008-09-16 18:09:00,0,train
865,2008-09-16 18:23:00,0,train
866,2008-09-16 19:34:00,0,train
867,2008-09-16 19:45:00,0,train
868,2008-09-16 21:21:00,0,train
869,2008-09-16 22:45:00,0,train
870,2008-09-17 02:01:00,0,train
871,2008-09-17 04:23:00,1,train
872,2008-09-17 07:14:00,0,train
873,2008-09-17 07:28:00,0,train
874,2008-09-17 21:52:00,0,train
875,2008-09-18 00:57:00,0,train
876,2008-09-18 01:40:00,0,train
877,2008-09-18 01:43:00,0,train
878,2008-09-18 02:01:00,0,train
879,2008-09-18 03:58:00,0,train
880,2008-09-18 03:58:00,0,train
881,2008-09-18 05:44:00,0,train
882,2008-09-18 05:58:00,0,train
883,2008-09-18 08:04:00,0,train
884,2008-09-18 10:48:00,0,train
885,2008-09-18 13:48:00,0,train
886,2008-09-18 17:22:00,0,train
887,2008-09-18 18:12:00,0,train
888,2008-09-18 18:56:00,0,train
889,2008-09-18 21:12:00,0,train
890,2008-09-18 21:56:00,0,train
891,2008-09-18 23:00:00,0,train
892,2008-09-18 23:05:00,0,train
893,2008-09-18 23:44:00,0,train
894,2008-09-19 00:30:00,0,train
895,2008-09-19 01:57:00,0,train
896,2008-09-19 02:44:00,0,train
897,2008-09-19 04:42:00,0,train
898,2008-09-19 05:33:00,0,train
899,2008-09-19 05:57:00,0,train
900,2008-09-19 06:01:00,0,train
901,2008-09-19 06:44:00,0,train
902,2008-09-19 07:14:00,0,train
903,2008-09-19 07:18:00,0,train
904,2008-09-19 08:08:00,0,train
905,2008-09-19 08:52:00,0,train
906,2008-09-19 09:12:00,0,train
907,2008-09-19 09:47:00,0,train
908,2008-09-19 10:45:00,0,train
909,2008-09-19 11:13:00,0,train
910,2008-09-19 11:54:00,0,train
911,2008-09-19 13:59:00,0,train
912,2008-09-19 15:31:00,0,train
913,2008-09-19 16:40:00,0,train
914,2008-09-19 16:58:00,1,train
915,2008-09-19 17:47:00,0,train
916,2008-09-19 18:11:00,0,train
917,2008-09-19 18:33:00,0,train
918,2008-09-19 19:18:00,0,train
919,2008-09-19 19:29:00,0,train
920,2008-09-19 20:05:00,0,train
921,2008-09-19 20:07:00,0,train
922,2008-09-19 20:10:00,0,train
923,2008-09-19 20:17:00,0,train
924,2008-09-19 20:19:00,1,train
925,2008-09-19 21:08:00,0,train
926,2008-09-19 21:09:00,1,train
927,2008-09-19 21:13:00,0,train
928,2008-09-19 21:14:00,0,train
929,2008-09-19 21:59:00,1,train
930,2008-09-19 23:26:00,0,train
931,2008-09-19 23:33:00,0,train
932,2008-09-20 00:18:00,0,train
933,2008-09-20 00:33:00,0,train
934,2008-09-20 03:58:00,0,train
935,2008-09-20 04:13:00,0,train
936,2008-09-20 04:28:00,0,train
937,2008-09-20 05:22:00,0,train
938,2008-09-20 05:25:00,0,train
939,2008-09-20 05:34:00,0,train
940,2008-09-20 06:08:00,0,validation
941,2008-09-20 07:21:00,0,validation
942,2008-09-20 08:14:00,0,validation
943,2008-09-20 10:51:00,0,validation
944,2008-09-20 11:18:00,0,validation
945,2008-09-20 12:20:00,0,validation
946,2008-09-20 12:26:00,0,validation
947,2008-09-20 12:27:00,0,validation
948,2008-09-20 12:36:00,0,validation
949,2008-09-20 12:57:00,0,validation
950,2008-09-20 14:00:00,0,validation
951,2008-09-20 14:06:00,0,validation
952,2008-09-20 14:42:00,0,validation
953,2008-09-20 14:50:00,0,validation
954,2008-09-20 14:53:00,0,validation
955,2008-09-20 15:02:00,0,validation
956,2008-09-20 15:19:00,0,validation
957,2008-09-20 15:37:00,0,validation
958,2008-09-20 15:46:00,0,validation
959,2008-09-20 16:43:00,0,validation
960,2008-09-20 16:44:00,0,validation
961,2008-09-20 17:26:00,0,validation
962,2008-09-20 17:29:00,0,validation
963,2008-09-20 18:03:00,0,validation
964,2008-09-20 18:21:00,0,validation
965,2008-09-20 18:56:00,0,validation
966,2008-09-20 19:14:00,0,validation
967,2008-09-20 19:21:00,0,validation
968,2008-09-20 23:34:00,0,validation
969,2008-09-21 00:48:00,0,validation
970,2008-09-21 01:06:00,0,validation
971,2008-09-21 02:07:00,0,validation
972,2008-09-21 03:04:00,0,validation
973,2008-09-21 03:47:00,0,validation
974,2008-09-21 04:17:00,0,validation
975,2008-09-21 04:49:00,0,validation
976,2008-09-21 07:30:00,0,validation
977,2008-09-21 07:55:00,0,validation
978,2008-09-21 08:22:00,0,validation
979,2008-09-21 08:49:00,0,validation
980,2008-09-21 09:16:00,0,validation
981,2008-09-21 09:31:00,0,validation
982,2008-09-21 10:07:00,0,validation
983,2008-09-21 10:49:00,0,validation
984,2008-09-21 11:33:00,0,validation
985,2008-09-21 12:04:00,0,validation
986,2008-09-21 14:30:00,0,validation
987,2008-09-21 14:31:00,0,validation
988,2008-09-21 14:33:00,0,validation
989,2008-09-21 15:15:00,0,validation
990,2008-09-21 15:26:00,0,validation
991,2008-09-21 15:34:00,0,validation
992,2008-09-21 16:43:00,0,validation
993,2008-09-21 17:26:00,0,validation
994,2008-09-21 17:30:00,0,validation
995,2008-09-21 18:12:00,0,validation
996,2008-09-21 19:19:00,0,validation
997,2008-09-21 20:35:00,0,validation
998,2008-09-21 21:54:00,0,validation
999,2008-09-21 22:02:00,0,validation
1000,2008-09-22 00:12:00,0,validation
1001,2008-09-22 00:28:00,0,validation
1002,2008-09-22 00:47:00,0,validation
1003,2008-09-22 01:43:00,0,validation
1004,2008-09-22 03:51:00,0,validation
1005,2008-09-22 06:05:00,0,validation
1006,2008-09-22 07:12:00,0,validation
1007,2008-09-22 10:43:00,0,validation
1008,2008-09-22 11:50:00,0,validation
1009,2008-09-22 12:11:00,0,validation
1010,2008-09-22 12:45:00,0,validation
1011,2008-09-22 13:03:00,0,validation
1012,2008-09-22 14:24:00,0,validation
1013,2008-09-22 14:27:00,0,validation
1014,2008-09-22 14:36:00,0,validation
1015,2008-09-22 16:25:00,0,validation
1016,2008-09-22 21:30:00,0,validation
1017,2008-09-22 21:31:00,0,validation
1018,2008-09-22 22:15:00,0,validation
1019,2008-09-22 22:17:00,0,validation
1020,2008-09-22 23:01:00,0,validation
1021,2008-09-22 23:10:00,0,validation
1022,2008-09-23 00:57:00,0,validation
1023,2008-09-23 06:44:00,0,validation
1024,2008-09-23 06:44:00,0,validation
1025,2008-09-23 06:52:00,0,validation
1026,2008-09-23 07:58:00,0,validation
1027,2008-09-23 08:11:00,0,validation
1028,2008-09-23 09:43:00,0,validation
1029,2008-09-23 11:14:00,1,validation
1030,2008-09-23 11:42:00,0,validation
1031,2008-09-23 11:43:00,0,validation
1032,2008-09-23 12:29:00,0,validation
1033,2008-09-23 12:31:00,0,validation
1034,2008-09-23 12:46:00,0,validation
1035,2008-09-23 13:37:00,0,validation
1036,2008-09-23 15:23:00,0,validation
1037,2008-09-23 15:33:00,0,validation
1038,2008-09-23 15:58:00,0,validation
1039,2008-09-23 18:10:00,0,validation
1040,2008-09-23 18:36:00,0,validation
1041,2008-09-23 18:56:00,0,validation
1042,2008-09-23 20:18:00,0,validation
1043,2008-09-23 20:59:00,0,validation
1044,2008-09-23 21:26:00,0,validation
1045,2008-09-23 22:25:00,0,validation
1046,2008-09-24 02:19:00,0,validation
1047,2008-09-24 02:44:00,0,validation
1048,2008-09-24 03:32:00,0,validation
1049,2008-09-24 03:40:00,0,validation
1050,2008-09-24 05:13:00,0,validation
1051,2008-09-24 05:22:00,0,validation
1052,2008-09-24 06:13:00,0,validation
1053,2008-09-24 06:14:00,0,validation
1054,2008-09-24 07:23:00,0,validation
1055,2008-09-24 10:10:00,0,validation
1056,2008-09-24 10:53:00,0,validation
1057,2008-09-24 10:59:00,0,validation
1058,2008-09-24 11:47:00,0,validation
1059,2008-09-24 12:04:00,0,validation
1060,2008-09-24 12:35:00,0,validation
1061,2008-09-24 13:01:00,0,validation
1062,2008-09-24 15:05:00,1,validation
1063,2008-09-24 15:39:00,0,validation
1064,2008-09-24 15:42:00,0,validation
1065,2008-09-24 15:43:00,0,validation
1066,2008-09-24 16:26:00,0,validation
1067,2008-09-24 17:54:00,0,validation
1068,2008-09-24 18:05:00,0,validation
1069,2008-09-25 01:05:00,0,validation
1070,2008-09-25 02:03:00,0,validation
1071,2008-09-25 06:21:00,0,validation
1072,2008-09-25 07:12:00,0,validation
1073,2008-09-25 07:58:00,0,validation
1074,2008-09-25 08:45:00,0,validation
1075,2008-09-25 09:31:00,0,validation
1076,2008-09-25 10:23:00,0,validation
1077,2008-09-25 11:08:00,0,validation
1078,2008-09-25 11:09:00,0,validation
1079,2008-09-25 11:55:00,0,validation
1080,2008-09-25 13:42:00,0,validation
1081,2008-09-25 14:08:00,0,validation
1082,2008-09-25 14:28:00,0,validation
1083,2008-09-25 15:12:00,0,validation
1084,2008-09-25 15:40:00,0,validation
1085,2008-09-25 15:55:00,0,validation
1086,2008-09-25 16:44:00,0,validation
1087,2008-09-25 17:28:00,0,validation
1088,2008-09-25 17:29:00,0,validation
1089,2008-09-25 19:49:00,0,validation
1090,2008-09-25 22:05:00,0,validation
1091,2008-09-25 23:04:00,0,validation
1092,2008-09-25 23:48:00,0,validation
1093,2008-09-26 00:19:00,0,validation
1094,2008-09-26 01:21:00,0,validation
1095,2008-09-26 02:26:00,0,validation
1096,2008-09-26 03:12:00,0,validation
1097,2008-09-26 03:29:00,0,validation
1098,2008-09-26 04:14:00,0,validation
1099,2008-09-26 05:32:00,0,validation
1100,2008-09-26 11:08:00,0,validation
1101,2008-09-26 13:36:00,0,validation
1102,2008-09-26 13:45:00,0,validation
1103,2008-09-26 14:20:00,0,validation
1104,2008-09-26 14:51:00,0,validation
1105,2008-09-26 15:06:00,0,validation
1106,2008-09-26 15:36:00,0,validation
1107,2008-09-26 15:49:00,0,validation
1108,2008-09-26 16:31:00,0,validation
1109,2008-09-26 17:59:00,0,validation
1110,2008-09-26 18:54:00,0,validation
1111,2008-09-26 19:38:00,0,validation
1112,2008-09-26 19:45:00,0,validation
1113,2008-09-26 19:55:00,0,validation
1114,2008-09-26 20:23:00,0,validation
1115,2008-09-26 20:31:00,0,validation
1116,2008-09-27 00:16:00,0,validation
1117,2008-09-27 00:17:00,0,validation
1118,2008-09-27 01:29:00,0,validation
1119,2008-09-27 03:53:00,0,validation
1120,2008-09-27 10:10:00,0,validation
1121,2008-09-27 10:13:00,0,validation
1122,2008-09-27 11:04:00,0,validation
1123,2008-09-27 11:45:00,0,validation
1124,2008-09-27 11:54:00,0,validation
1125,2008-09-27 12:26:00,0,validation
1126,2008-09-27 12:28:00,0,validation
1127,2008-09-27 12:36:00,0,validation
1128,2008-09-27 13:14:00,0,validation
1129,2008-09-27 13:19:00,0,validation
1130,2008-09-27 14:01:00,0,validation
1131,2008-09-27 14:05:00,0,validation
1132,2008-09-27 14:46:00,0,validation
1133,2008-09-27 15:09:00,0,validation
1134,2008-09-27 15:30:00,0,validation
1135,2008-09-27 16:13:00,0,validation
1136,2008-09-27 17:26:00,0,validation
1137,2008-09-27 18:14:00,0,validation
1138,2008-09-27 19:16:00,0,validation
1139,2008-09-27 20:46:00,0,validation
1140,2008-09-27 21:45:00,0,validation
1141,2008-09-28 00:51:00,0,validation
1142,2008-09-28 01:22:00,0,validation
1143,2008-09-28 03:55:00,0,validation
1144,2008-09-28 04:45:00,1,validation
1145,2008-09-28 05:31:00,0,validation
1146,2008-09-28 06:22:00,0,validation
1147,2008-09-28 07:38:00,0,validation
1148,2008-09-28 07:52:00,0,validation
1149,2008-09-28 08:40:00,0,validation
1150,2008-09-28 08:41:00,0,validation
1151,2008-09-28 09:50:00,1,validation
1152,2008-09-28 17:05:00,0,validation
1153,2008-09-28 17:06:00,0,validation
1154,2008-09-28 17:49:00,0,validation
1155,2008-09-28 17:55:00,0,validation
1156,2008-09-28 18:34:00,0,validation
1157,2008-09-28 18:43:00,0,validation
1158,2008-09-28 19:18:00,0,validation
1159,2008-09-28 19:29:00,0,validation
1160,2008-09-28 20:02:00,0,validation
1161,2008-09-28 20:42:00,0,validation
1162,2008-09-28 21:08:00,0,validation
1163,2008-09-28 21:27:00,0,validation
1164,2008-09-28 22:44:00,0,validation
1165,2008-09-28 23:54:00,0,validation
1166,2008-09-29 02:06:00,0,validation
1167,2008-09-29 03:07:00,0,validation
1168,2008-09-29 03:50:00,0,validation
1169,2008-09-29 04:18:00,0,validation
1170,2008-09-29 04:47:00,0,validation
1171,2008-09-29 05:32:00,0,validation
1172,2008-09-29 07:53:00,0,validation
1173,2008-09-29 09:15:00,0,validation
1174,2008-09-29 11:13:00,0,validation
1175,2008-09-29 11:53:00,0,validation
1176,2008-09-29 12:25:00,0,validation
1177,2008-09-29 14:03:00,0,validation
1178,2008-09-29 14:04:00,0,validation
1179,2008-09-29 14:08:00,0,validation
1180,2008-09-29 15:09:00,0,validation
1181,2008-09-29 15:16:00,0,validation
1182,2008-09-29 16:27:00,0,validation
1183,2008-09-29 17:21:00,0,validation
1184,2008-09-29 21:26:00,0,validation
1185,2008-09-29 21:48:00,1,validation
1186,2008-09-29 22:13:00,0,validation
1187,2008-09-30 01:33:00,0,validation
1188,2008-09-30 01:36:00,0,validation
1189,2008-09-30 02:44:00,1,validation
1190,2008-09-30 04:01:00,0,validation
1191,2008-09-30 04:42:00,0,validation
1192,2008-09-30 08:44:00,0,validation
1193,2008-09-30 12:31:00,0,validation
1194,2008-09-30 13:29:00,0,validation
1195,2008-09-30 14:20:00,0,validation
1196,2008-09-30 14:36:00,0,validation
1197,2008-09-30 15:16:00,0,validation
1198,2008-09-30 15:26:00,0,validation
1199,2008-09-30 16:13:00,0,validation
1200,2008-09-30 16:50:00,0,validation
1201,2008-09-30 17:27:00,0,validation
1202,2008-09-30 19:17:00,0,validation
1203,2008-09-30 19:17:00,0,validation
1204,2008-09-30 21:39:00,0,validation
1205,2008-09-30 21:42:00,0,validation
1206,2008-09-30 23:34:00,0,validation
1207,2008-09-30 23:58:00,0,validation
1208,2008-10-01 00:20:00,0,validation
1209,2008-10-01 01:11:00,0,validation
1210,2008-10-01 02:53:00,0,validation
1211,2008-10-01 05:56:00,1,validation
1212,2008-10-01 07:19:00,0,validation
1213,2008-10-01 07:28:00,0,validation
1214,2008-10-01 08:15:00,0,validation
1215,2008-10-01 09:15:00,0,validation
1216,2008-10-01 09:16:00,0,validation
1217,2008-10-01 14:22:00,0,validation
1218,2008-10-01 15:16:00,0,validation
1219,2008-10-01 16:43:00,0,validation
1220,2008-10-01 19:57:00,0,validation
1221,2008-10-01 21:15:00,0,validation
1222,2008-10-01 21:50:00,0,validation
1223,2008-10-01 22:47:00,0,validation
1224,2008-10-01 23:34:00,0,validation
1225,2008-10-02 00:21:00,0,validation
1226,2008-10-02 00:22:00,0,validation
1227,2008-10-02 03:17:00,1,validation
1228,2008-10-02 03:27:00,0,validation
1229,2008-10-02 04:11:00,0,validation
1230,2008-10-02 04:23:00,0,validation
1231,2008-10-02 04:24:00,0,validation
1232,2008-10-02 06:49:00,0,validation
1233,2008-10-02 07:35:00,0,validation
1234,2008-10-02 07:58:00,0,validation
1235,2008-10-02 08:24:00,0,validation
1236,2008-10-02 08:52:00,0,validation
1237,2008-10-02 08:57:00,0,validation
1238,2008-10-02 09:10:00,1,validation
1239,2008-10-02 09:42:00,0,validation
1240,2008-10-02 10:03:00,0,validation
1241,2008-10-02 14:07:00,1,validation
1242,2008-10-02 14:10:00,1,validation
1243,2008-10-02 14:54:00,0,validation
1244,2008-10-02 15:10:00,0,validation
1245,2008-10-02 15:44:00,0,validation
1246,2008-10-02 15:58:00,0,validation
1247,2008-10-02 16:32:00,0,validation
1248,2008-10-02 16:58:00,0,validation
1249,2008-10-02 17:00:00,0,validation
1250,2008-10-02 17:19:00,0,validation
1251,2008-10-02 19:21:00,0,validation
1252,2008-10-02 19:25:00,0,validation
1253,2008-10-02 20:54:00,0,test
1254,2008-10-02 21:32:00,1,test
1255,2008-10-02 21:33:00,0,test
1256,2008-10-02 22:23:00,0,test
1257,2008-10-02 22:33:00,0,test
1258,2008-10-02 23:32:00,0,test
1259,2008-10-02 23:32:00,0,test
1260,2008-10-03 00:24:00,0,test
1261,2008-10-03 00:55:00,0,test
1262,2008-10-03 02:41:00,0,test
1263,2008-10-03 03:52:00,0,test
1264,2008-10-03 03:56:00,0,test
1265,2008-10-03 04:49:00,0,test
1266,2008-10-03 05:01:00,0,test
1267,2008-10-03 05:45:00,0,test
1268,2008-10-03 06:15:00,0,test
1269,2008-10-03 08:35:00,0,test
1270,2008-10-03 09:30:00,0,test
1271,2008-10-03 11:40:00,0,test
1272,2008-10-03 12:31:00,0,test
1273,2008-10-03 18:45:00,0,test
1274,2008-10-03 19:23:00,0,test
1275,2008-10-03 19:23:00,0,test
1276,2008-10-03 20:11:00,0,test
1277,2008-10-03 20:26:00,0,test
1278,2008-10-03 20:35:00,0,test
1279,2008-10-03 20:46:00,0,test
1280,2008-10-03 21:15:00,0,test
1281,2008-10-03 21:52:00,0,test
1282,2008-10-03 22:08:00,0,test
1283,2008-10-03 22:53:00,0,test
1284,2008-10-03 23:46:00,0,test
1285,2008-10-04 00:58:00,0,test
1286,2008-10-04 01:49:00,0,test
1287,2008-10-04 02:36:00,0,test
1288,2008-10-04 03:53:00,0,test
1289,2008-10-04 04:12:00,0,test
1290,2008-10-04 04:45:00,0,test
1291,2008-10-04 09:29:00,0,test
1292,2008-10-04 15:16:00,0,test
1293,2008-10-04 16:58:00,0,test
1294,2008-10-04 18:15:00,0,test
1295,2008-10-04 18:25:00,0,test
1296,2008-10-04 18:59:00,0,test
1297,2008-10-04 19:12:00,0,test
1298,2008-10-04 19:47:00,0,test
1299,2008-10-04 19:54:00,0,test
1300,2008-10-04 20:39:00,0,test
1301,2008-10-04 22:06:00,0,test
1302,2008-10-04 23:18:00,1,test
1303,2008-10-05 00:33:00,1,test
1304,2008-10-05 00:33:00,0,test
1305,2008-10-05 01:35:00,0,test
1306,2008-10-05 04:01:00,0,test
1307,2008-10-05 04:20:00,0,test
1308,2008-10-05 04:48:00,0,test
1309,2008-10-05 05:31:00,0,test
1310,2008-10-05 05:53:00,0,test
1311,2008-10-05 06:15:00,0,test
1312,2008-10-05 08:02:00,0,test
1313,2008-10-05 08:40:00,0,test
1314,2008-10-05 09:04:00,0,test
1315,2008-10-05 09:47:00,0,test
1316,2008-10-05 10:00:00,0,test
1317,2008-10-05 10:43:00,0,test
1318,2008-10-05 11:05:00,0,test
1319,2008-10-05 11:30:00,0,test
1320,2008-10-05 12:03:00,0,test
1321,2008-10-05 12:17:00,0,test
1322,2008-10-05 13:49:00,0,test
1323,2008-10-05 14:34:00,0,test
1324,2008-10-05 15:30:00,1,test
1325,2008-10-05 15:35:00,1,test
1326,2008-10-05 16:15:00,0,test
1327,2008-10-05 16:37:00,1,test
1328,2008-10-05 16:49:00,1,test
1329,2008-10-05 18:46:00,1,test
1330,2008-10-05 18:59:00,0,test
1331,2008-10-05 19:45:00,0,test
1332,2008-10-05 20:12:00,0,test
1333,2008-10-05 20:30:00,0,test
1334,2008-10-05 22:13:00,0,test
1335,2008-10-06 00:41:00,0,test
1336,2008-10-06 01:25:00,0,test
1337,2008-10-06 01:27:00,0,test
1338,2008-10-06 01:30:00,0,test
1339,2008-10-06 02:44:00,0,test
1340,2008-10-06 02:49:00,0,test
1341,2008-10-06 03:31:00,0,test
1342,2008-10-06 03:50:00,1,test
1343,2008-10-06 03:57:00,1,test
1344,2008-10-06 04:26:00,0,test
1345,2008-10-06 05:21:00,0,test
1346,2008-10-06 05:24:00,0,test
1347,2008-10-06 06:11:00,0,test
1348,2008-10-06 06:26:00,0,test
1349,2008-10-06 06:49:00,0,test
1350,2008-10-06 07:12:00,0,test
1351,2008-10-06 07:17:00,0,test
1352,2008-10-06 07:35:00,0,test
1353,2008-10-06 07:38:00,0,test
1354,2008-10-06 08:24:00,0,test
1355,2008-10-06 08:57:00,0,test
1356,2008-10-06 09:11:00,0,test
1357,2008-10-06 09:57:00,0,test
1358,2008-10-06 10:07:00,0,test
1359,2008-10-06 11:51:00,0,test
1360,2008-10-06 12:39:00,0,test
1361,2008-10-06 12:42:00,0,test
1362,2008-10-06 13:08:00,0,test
1363,2008-10-06 13:38:00,1,test
1364,2008-10-06 13:55:00,1,test
1365,2008-10-06 15:00:00,1,test
1366,2008-10-06 15:01:00,0,test
1367,2008-10-06 15:52:00,0,test
1368,2008-10-06 16:42:00,0,test
1369,2008-10-06 16:50:00,0,test
1370,2008-10-06 17:26:00,0,test
1371,2008-10-06 17:26:00,0,test
1372,2008-10-06 17:35:00,0,test
1373,2008-10-06 18:54:00,0,test
1374,2008-10-06 18:55:00,0,test
1375,2008-10-06 19:42:00,0,test
1376,2008-10-06 20:02:00,0,test
1377,2008-10-06 20:36:00,0,test
1378,2008-10-06 20:47:00,0,test
1379,2008-10-06 21:46:00,0,test
1380,2008-10-06 21:48:00,0,test
1381,2008-10-06 22:37:00,0,test
1382,2008-10-06 23:03:00,0,test
1383,2008-10-07 01:46:00,0,test
1384,2008-10-07 03:29:00,0,test
1385,2008-10-07 03:39:00,0,test
1386,2008-10-07 07:32:00,0,test
1387,2008-10-07 07:41:00,0,test
1388,2008-10-07 08:25:00,0,test
1389,2008-10-07 08:26:00,0,test
1390,2008-10-07 09:11:00,0,test
1391,2008-10-07 09:20:00,0,test
1392,2008-10-07 09:59:00,0,test
1393,2008-10-07 10:04:00,0,test
1394,2008-10-07 10:10:00,0,test
1395,2008-10-07 10:51:00,0,test
1396,2008-10-07 11:15:00,0,test
1397,2008-10-07 11:16:00,0,test
1398,2008-10-07 11:36:00,0,test
1399,2008-10-07 12:40:00,0,test
1400,2008-10-07 13:10:00,1,test
1401,2008-10-07 13:48:00,0,test
1402,2008-10-07 14:35:00,0,test
1403,2008-10-07 16:32:00,0,test
1404,2008-10-07 17:06:00,0,test
1405,2008-10-07 17:28:00,0,test
1406,2008-10-07 18:39:00,0,test
1407,2008-10-07 19:24:00,0,test
1408,2008-10-07 20:19:00,0,test
1409,2008-10-07 20:39:00,0,test
1410,2008-10-07 20:48:00,0,test
1411,2008-10-08 04:47:00,0,test
1412,2008-10-08 05:35:00,0,test
1413,2008-10-08 05:38:00,0,test
1414,2008-10-08 06:25:00,0,test
1415,2008-10-08 07:10:00,0,test
1416,2008-10-08 07:13:00,0,test
1417,2008-10-08 07:16:00,0,test
1418,2008-10-08 09:01:00,0,test
1419,2008-10-08 09:06:00,0,test
1420,2008-10-08 10:37:00,0,test
1421,2008-10-08 12:11:00,0,test
1422,2008-10-08 13:35:00,0,test
1423,2008-10-08 13:38:00,0,test
1424,2008-10-08 14:48:00,0,test
1425,2008-10-08 15:37:00,0,test
1426,2008-10-08 16:26:00,0,test
1427,2008-10-08 17:14:00,0,test
1428,2008-10-08 17:31:00,0,test
1429,2008-10-08 17:41:00,0,test
1430,2008-10-08 18:22:00,0,test
1431,2008-10-08 20:27:00,0,test
1432,2008-10-08 21:19:00,0,test
1433,2008-10-08 21:45:00,0,test
1434,2008-10-08 22:08:00,0,test
1435,2008-10-08 23:13:00,0,test
1436,2008-10-08 23:50:00,0,test
1437,2008-10-09 00:23:00,0,test
1438,2008-10-09 04:34:00,1,test
1439,2008-10-09 06:06:00,0,test
1440,2008-10-09 07:38:00,0,test
1441,2008-10-09 14:15:00,0,test
1442,2008-10-09 15:04:00,0,test
1443,2008-10-09 15:55:00,1,test
1444,2008-10-09 15:56:00,0,test
1445,2008-10-10 10:05:00,0,test
1446,2008-10-10 10:46:00,0,test
1447,2008-10-10 10:53:00,0,test
1448,2008-10-10 12:30:00,0,test
1449,2008-10-10 15:33:00,0,test
1450,2008-10-10 15:50:00,0,test
1451,2008-10-10 20:02:00,0,test
1452,2008-10-10 21:03:00,0,test
1453,2008-10-10 21:07:00,0,test
1454,2008-10-10 21:16:00,0,test
1455,2008-10-11 02:55:00,0,test
1456,2008-10-11 06:56:00,0,test
1457,2008-10-11 07:38:00,0,test
1458,2008-10-11 07:39:00,0,test
1459,2008-10-11 07:42:00,0,test
1460,2008-10-11 08:27:00,0,test
1461,2008-10-11 14:43:00,0,test
1462,2008-10-11 15:33:00,0,test
1463,2008-10-11 16:25:00,0,test
1464,2008-10-11 23:16:00,0,test
1465,2008-10-11 23:58:00,0,test
1466,2008-10-12 00:57:00,0,test
1467,2008-10-12 01:50:00,0,test
1468,2008-10-12 02:59:00,0,test
1469,2008-10-12 03:21:00,0,test
1470,2008-10-12 03:28:00,0,test
1471,2008-10-12 08:19:00,0,test
1472,2008-10-12 18:47:00,0,test
1473,2008-10-13 03:34:00,0,test
1474,2008-10-13 03:53:00,0,test
1475,2008-10-13 11:27:00,0,test
1476,2008-10-13 12:18:00,0,test
1477,2008-10-13 14:06:00,0,test
1478,2008-10-13 14:29:00,0,test
1479,2008-10-13 14:30:00,0,test
1480,2008-10-13 14:55:00,0,test
1481,2008-10-13 15:42:00,0,test
1482,2008-10-13 15:42:00,0,test
1483,2008-10-13 16:13:00,0,test
1484,2008-10-13 19:17:00,0,test
1485,2008-10-13 19:36:00,0,test
1486,2008-10-13 19:40:00,0,test
1487,2008-10-13 20:10:00,0,test
1488,2008-10-13 20:30:00,0,test
1489,2008-10-13 20:53:00,0,test
1490,2008-10-13 21:20:00,0,test
1491,2008-10-13 21:47:00,0,test
1492,2008-10-13 21:57:00,0,test
1493,2008-10-13 22:48:00,0,test
1494,2008-10-13 22:54:00,0,test
1495,2008-10-14 00:35:00,0,test
1496,2008-10-14 03:21:00,0,test
1497,2008-10-14 03:28:00,0,test
1498,2008-10-14 03:35:00,0,test
1499,2008-10-14 13:13:00,0,test
1500,2008-10-14 13:16:00,0,test
1501,2008-10-14 14:07:00,0,test
1502,2008-10-14 14:15:00,0,test
1503,2008-10-14 14:43:00,0,test
1504,2008-10-14 17:36:00,0,test
1505,2008-10-14 19:15:00,0,test
1506,2008-10-14 20:01:00,0,test
1507,2008-10-14 20:30:00,0,test
1508,2008-10-14 20:48:00,0,test
1509,2008-10-14 21:36:00,0,test
1510,2008-10-14 23:07:00,0,test
1511,2008-10-15 00:03:00,0,test
1512,2008-10-15 00:27:00,0,test
1513,2008-10-15 00:47:00,0,test
1514,2008-10-15 01:52:00,0,test
1515,2008-10-15 01:52:00,0,test
1516,2008-10-15 01:52:00,0,test
1517,2008-10-15 02:40:00,0,test
1518,2008-10-15 02:40:00,0,test
1519,2008-10-15 02:42:00,1,test
1520,2008-10-15 03:24:00,0,test
1521,2008-10-15 04:08:00,0,test
1522,2008-10-15 05:13:00,0,test
1523,2008-10-15 05:16:00,0,test
1524,2008-10-15 06:49:00,0,test
1525,2008-10-15 07:36:00,0,test
1526,2008-10-15 07:55:00,0,test
1527,2008-10-15 08:21:00,0,test
1528,2008-10-15 09:11:00,0,test
1529,2008-10-15 10:00:00,0,test
1530,2008-10-15 12:53:00,0,test
1531,2008-10-15 13:14:00,0,test
1532,2008-10-15 13:16:00,0,test
1533,2008-10-15 14:08:00,0,test
1534,2008-10-15 15:11:00,0,test
1535,2008-10-15 16:24:00,0,test
1536,2008-10-15 17:19:00,0,test
1537,2008-10-15 18:16:00,0,test
1538,2008-10-15 19:15:00,0,test
1539,2008-10-15 19:24:00,0,test
1540,2008-10-15 21:44:00,0,test
1541,2008-10-15 22:45:00,0,test
1542,2008-10-15 22:54:00,0,test
1543,2008-10-15 23:00:00,0,test
1544,2008-10-15 23:45:00,0,test
1545,2008-10-16 02:16:00,0,test
1546,2008-10-16 02:16:00,0,test
1547,2008-10-16 02:17:00,0,test
1548,2008-10-16 02:22:00,0,test
1549,2008-10-16 02:55:00,0,test
1550,2008-10-16 03:56:00,0,test
1551,2008-10-16 04:02:00,0,test
1552,2008-10-16 04:02:00,0,test
1553,2008-10-16 04:04:00,0,test
1554,2008-10-16 04:47:00,0,test
1555,2008-10-16 04:50:00,0,test
1556,2008-10-16 04:54:00,0,test
1557,2008-10-16 05:08:00,0,test
1558,2008-10-16 05:13:00,0,test
1559,2008-10-16 05:44:00,0,test
1560,2008-10-16 05:58:00,0,test
1561,2008-10-16 15:02:00,0,test
1562,2008-10-16 15:13:00,0,test
1563,2008-10-16 20:49:00,0,test
1564,2008-10-17 05:26:00,0,test
1565,2008-10-17 06:01:00,0,test
1566,2008-10-17 06:07:00,0,test
